CNPJ	Razao Social	Nome Fantasia	Codigo CNAE	Codigo Natureza Juridica
100160000102	GILMAR ROSA DA CUNHA - ME	DROGARIA JAURU	4771701	2135
100374000189	DROGARIA GALANTI DE NOVA IGUACU LTDA	DROGARIA GALANTI	4771701	2062
100984000182	CENTRO DE IMAGEM DR. LEONEL FERREIRA LTDA - EPP	CENTRO DE IMAGEM DR. LEONEL FERREIRA	8640205	2062
101314000180	CLINICA ORTOPEDICA DE QUEIMADOS S/C LTDA - EPP		8630503	2240
102285000171	DIAGNOSTICO CLINICA DE IMAGENS MEDICAS EIRELI - EPP	DIAGNOSTICO CLINICA DE IMAGENS MEDICAS	8640205	2305
102566000124	FARMACIA SANTA RITA DE CASSIA LTDA - EPP	FARMACIA SANTA RITA DE CASSIA	4771701	2062
102911000120	BRUNA VALENTINA FARMACIA LTDA  - ME		4771701	2062
103490000151	CEANEST - CENTRAL DE ANESTESIA LTDA		8630503	2062
103618000187	COMERCIO DE MEDICAMENTOS MARYELL LTDA - EPP		4771701	2062
103788000676	SAETA INDUSTRIA E COMERCIO ELETROELETRONICO LTDA	MAKRO SERVICE MATERIAIS ELETRICOS	4673700	2062
103974000109	EXPRESSO GAS LTDA		4784900	2062
105086000117	SANDRO JOSE DE OLIVEIRA CIRELLI - ME	MOVEIS CIRELLI	3101200	2135
105232000104	RADIO CLUBE CENTRO OESTE LTDA - ME	RADIO CLUBE	6010100	2062
107639000170	PAVLAK E VISNESKI LTDA - ME	FARMACIA ALEGRIA	4771701	2062
107665000107	C.M.S. FARMACIA LTDA - ME		4771701	2062
108786009898	NET SERVICOS DE COMUNICACAO S/A	NET MANAUS	6141800	2046
109143000136	FORUM DA COMARCA DE JACIARA	FORUM DA COMARCA DE JACIARA	8423000	1082
109393000176	COLABORE ADMINISTRACAO E SERVICOS LTDA		8219999	2062
109683000110	PARATI LUBRIFICANTES E FERRAMENTAS LTDA - ME	PARATI LUBRIFICANTES E FERRAMENTAS	4744001	2062
109765000164	JOAO BORGES MEDICAMENTOS - ME	FARMACIA SAO JOAO BATISTA	4771701	2135
110499000190	DROGARIA ALVORADA DE JAU LTDA - EPP	DROGARIA ALVORADA	4771701	2062
111365000193	DUARTE E ANELLI  LTDA - EPP		8630503	2062
111511000180	DELTA CABLE TELE INFORMATICA COM E REP COMERCIAIS LTDA	DELTA CABLE	4652400	2062
111597000141	FORUM DA COMARCA DE JUARA	FORUM DA COMARCA DE JUARA	8423000	1082
112288000196	SANTA CASA DE MISERICORDIA DE ALTEROSA		8610101	3999
112423000101	N OLIVEIRA DE ANDRADE - ME	DROGA FARMA	4771701	2135
112620000112	DROGARIA AMERIMED LTDA - ME		4771701	2062
112933000170	JOAO BATISTA TACIANO E CIA LTDA - ME		4771701	2062
112968000371	MARIA IOLENE VASCONCELOS		4731800	2135
113035000137	CONSELHO REGIONAL DE CONTABILIDADE DO DISTRITO FEDERAL		9412001	1104
113110000160	COMERCIAL EQIP LTDA.	EQIP COPIADORAS INFORMATICA	4751201	2062
113691000130	FISCAL TECNOLOGIA E AUTOMACAO LTDA		8020001	2062
114090000141	CONSELHO CULTURAL THOMAS JEFFERSON	CASA THOMAS JEFFERSON	8593700	3999
114130000317	COMERCIAL DE COMBUSTIVEIS TAMANDARE LTDA		4731800	2062
114819000180	MUNICIPIO DE SILVANOPOLIS	PREFEITURA MUNICIPAL	8411600	1244
114868000112	CAMARA DE DIRIGENTES LOJISTAS DO DISTRITO FEDERAL	D P C	9430800	3999
115339000133	PANIFICADORA DOCE PAO LTDA - ME	PANIFICADORA DOCE PAO	4721102	2062
115960000105	MEDICAMENTOS BRASIL DE ASSIS LTDA - EPP	DROGARIA MARMONTEL-MEDICAMENTOS BRASIL	4771701	2062
116185000102	CLINICA DE FRATURAS TORRES S/S		8630501	2232
116243000190	FORUM DA COMARCA DE ALTA FLORESTA	FORUM DA COMARCA DE ALTA FLORESTA	8423000	1082
116506001302	PROFORTE S/A TRANSPORTE DE VALORES		8012900	2054
116962000100	ASSOCIACAO EDUCACIONAL DOS TRABALHADORES DE BRASILIA	AETB	8531700	3999
117081000104	FORUM DA COMARCA DE TANGARA DA SERRA	FORUM DA COMARCA DE TANGARA DA SERRA	8423000	1082
117242000160	CRB - CENTRO RADIOLOGICO DE BRASILIA S/A	CRB	8640205	2054
117286000190	MARCO ANTONIO CINEGAGLIA - EPP	FARMAIS	4771701	2135
117408000148	FARMACIA TOPAZIO LTDA - ME	FARMACIA TOPAZIO	4771701	2062
117419000128	PROTECAO VIGILANCIA PATRIMONIAL E INDUSTRIAL LTDA		8011101	2062
118039000108	AIGLE EMPREENDIMENTOS LTDA - EPP	AIGLE	4120400	2062
118126000165	FURLANETTO E NAKA EIRELI  - ME	FARMACIA SAO FRANCISCO	4771701	2305
118723000190	ASSOCIACAO DE ENSINO SUPERIOR DA GRANDE FLORIANOPOLIS - AESGF		8531700	3999
119123000146	CORONARIO EDITORA GRAFICA LTDA	CORONARIO EDITORA GRAFICA	1811302	2062
119552000113	JOAQUIM MOREIRA SOBRINHO - ME	FARMACIA E DROGARIA MOREIRA	4771702	2135
119732000103	FARMACIA KIPPER LTDA - EPP	AGAFARMA	4771701	2062
120750000105	DIRETIVA ADMINISTRADORA DE PARTICIPACOES LTDA	DIRETIVA	8531700	2062
120951000102	DROGARIA VITORIA DE JESUS LTDA  - ME	DROGARIA VITORIA	4771701	2062
121647000171	AGENCIA MODERNA TECNOLOGIA LTDA - EPP		7733100	2062
121811000302	POSTO SHOPPING CAR COMBUSTIVEIS LTDA.	POSTO DO GALO	4731800	2062
122149000143	CIRUCARDIO CIRURGIA CARDIOVASCULAR LTDA - ME	CITYCOR	8630503	2062
122256000171	INSTITUTO DE OLHOS DE MACEIO S/C LTDA		8610101	2240
123322000128	SORAIA GHATTAS ARAGAO - ME	TEC CHAMA	4753900	2135
123429000680	MASTER INSPECT SERVICOS TECNICOS LTDA - EPP	MASTER INSPECT	7120100	2062
123912000150	PONTAL ADMINISTRADORA LTDA - ME	PONTAL ADMINISTRADORA	6822600	2240
124153000140	EMBALAGENS T 2 LTDA - ME		4761003	2062
125318000107	AUTO POSTO RIO DAS PEDRAS LTDA	POSTO RIO DAS PEDRAS	4731800	2062
125318000360	AUTO POSTO RIO DAS PEDRAS LTDA		4731800	2062
125733000152	BONTEMPO REFRIGERACAO LTDA - EPP	BONTEMPO ARCONDICIONADO	4322302	2062
126365000167	AUTO PECAS NUNEDIESEL LTDA - EPP	NUNEDIESEL	4530703	2062
126621000116	TRANS SERVI-TRANSPORTES E SERVICOS LTDA - ME	SERVI-TAXI RECIFE	5229001	2062
128203000168	FRANCISCO DAVI SOUSA GIRAO - ME		3600602	2135
129166000102	VIA NET SERV E COM DE INFORMATICA LTDA - EPP	VIA NET	4751201	2062
131919000114	CBS COMUNICACOES BRASIL SAT LTDA	TV MUNDIAL	6010100	2062
132082000128	INFOCENTER COM MATERIAIS DE INFORMATICA LTDA - EPP	INFORCENTER	4751201	2062
132229000180	ONCOMED CENTRO PREV E TRAT DE DOENCAS NEOPLASICAS LTDA		8610101	2062
132628000140	SIQUEIRA DE CASTRO E CIA LTDA - EPP	JM SERRALHERIA	2512800	2062
133068000149	PATRICIA CARDOSO DA CRUZ E CIA LTDA - ME	FARMACIA E DROGARIA MODELO	4771701	2062
133897000121	CONDOMINIO DO BLOCO I DA SQS 315		8112500	3085
134590000145	DROGARIA E PERFUMARIA BELO VALE LTDA - ME	DROGARIA BELO VALE	4771701	2062
134745000143	COMERCIO DE MEDICAMENTOS STUMM LTDA - ME	DROGARIA MEDICAL	4771701	2062
134940000173	ANDRIFARMA DROGAS LTDA - EPP	DROGARIA SAO SEBASTIAO	4771701	2062
136196000146	GURGUEIA COMBUSTIVEIS LTDA - EPP		4731800	2062
137512000102	PICHON RIVIERI INSTITUTO DE PSICOLOGIA SOCIAL LTDA - ME		8650003	2062
137950000162	SOCRAM MAQUINAS APARELHOS E EQUIPAMENTOS LTDA		4645101	2062
138495000110	DROGARIA VILA GOIS LTDA - ME	FARMACIA CRISTO REDENTOR	4771701	2062
138806000140	COMTRAFO INDUSTRIA DE TRANSFORMADORES ELETRICOS S.A.	COMTRAFO	2710402	2054
138864000174	UNIAO DE EDUCACAO E CULTURA VALE DO JAGUARIBE LTDA	UNEJAGUARIBE	8531700	2062
138957000107	POSTO DE GASOLINA FELICI LTDA		4731800	2062
139237000158	ALMINDO FERREIRA DOS SANTOS - ME	MARMORARIA A PEDRA	2391503	2135
139736000145	TECELAGEM SAO DOMINGOS LTDA - EPP		1351100	2062
140441000199	DROGARIA TANGARA LTDA - ME		4771701	2062
140572000176	LEA E UBIRAJARA MEDICINA OCULAR S/S - ME	MEDICINA OCULAR	8630502	2232
140862000110	FORUM DA COMARCA DE AGUA BOA	FORUM DA COMARCA DE AGUA BOA	8423000	1082
141182000110	AC/DC ENGENHARIA E CONSULTORIA LTDA - EPP		7112000	2062
141394000106	CLINICA MORENINHA LTDA - ME		8630503	2062
142906000140	DROGARIA SAO FRANCISCO DE DOBRADA LTDA - ME		4771701	2062
143229000185	J M L AUTO PECAS LTDA - EPP		4530703	2062
143252000170	RIOBRANFARMA DROGARIA LTDA - ME	MARTINSFARMA	4771701	2062
143508000149	MUNDO DOS PLASTICOS COM IMPORTACAO E EXPORTACAO LTDA	CARPET REI	4789099	2062
143721000150	ADILSON VANDERLEI DOS SANTOS ALVES E CIA LTDA - ME	WIMAX	6190601	2062
145373000150	DROGARIA XV DE AGOSTO LTDA - EPP		4771701	2062
145654000103	DROGARIA FAGUNDES E ARAUJO LTDA - ME	FARMACIA ESPERANCA	4771701	2062
147597000100	SERVICOS DE REABILITACAO JOINVILLE LTDA. - EPP		8650004	2062
147994000173	ALBONETTI E ALBONETTI LTDA - ME	SUPER 10 VARIEDADES	4763601	2062
148047000105	O PARAFUSAO COMERCIO DE FERRAGENS LTDA - ME		4744001	2062
148072000180	COMERCIAL DE DERIVADOS DE PETROLEO SAO CARLOS LTDA	POSTO PRESIDENTE	4731800	2062
148232000191	C M MARAFON E CIA LTDA - ME	DROGARIA NOSSA SENHORA APARECIDA	4771701	2062
149703000186	DIAGSON DIAGNOSTICO EM ULTRA SONOGRAFIA MED FETAL LTDA - EPP		8640207	2062
149706000110	ALAMO - SEGURANCA ELETRONICA LTDA - EPP	ALAMO SEGURANCA ELETRONICA	8020001	2062
150991000199	ASSOCIACAO DE ENSINO E PESQUISA DE UNAI AEPU	AEPU	8531700	3999
152124000192	COLOMBO E FERRARI LTDA - ME	FARMACIA GOIANESIA	4771701	2062
154073000138	RIBEIRO PEGORER E CIA LTDA. - EPP		4771701	2062
154801000101	PAULO CESAR ZAPATA - EPP	FARMACIA SANTA TEREZA	4771702	2135
156020000156	CONVENCAO DE ADMINISTRACAO DO BLOCO I D SQN 108		8112500	3085
156227000120	LOSEL EMBALAGENS LTDA - EPP	LOSEL EMBALAGENS	4712100	2062
156785000196	J.WAVZENKIEVICZ EIRELI - EPP	FARMACIAS CONFIANCA	4771701	2305
157873000102	LUCIANA TOLEDO DE OLIVEIRA - ME		4771701	2135
157956000100	M R B COMERCIO E SERVICOS LTDA  - ME	DROGARIA LUCAS	4771701	2062
158141000137	WATERS TECHNOLOGIES DO BRASIL LTDA.	WATERS	4689399	2062
160505000113	DROGARIA BAMBANS E BAMBANS LTDA - EPP	DROGARIA CENTENARIO	4771701	2062
161576000130	GRANDO E GROFF LTDA	AUTO POSTO 7 QUEDAS	4731800	2062
162444000123	JUCELI CORREA FRAGA E CIA LTDA - ME	FARMACIA CRISTO REI	4771701	2062
163234000150	REDE NACIONAL DE COMUNICACAO LTDA		5913800	2062
165085000168	F. A. S. KAPPLER COMERCIO - ME		4639701	2135
167107000129	SAVIAN E RUIZ LTDA - ME		4771702	2062
167876000127	GRUPO PAULISTA DE MEDICINA E CIRURGIA SS LTDA - EPP	CLINICAS PAULISTA	8650099	2240
170759000112	CONDOMINIO DO EDIFICIO CENTRO PROFISSIONAL DO ADVOGADO	ED OFFYCE CENTER	8112500	3085
171387000149	EPOCA CONSTRUTORA LTDA	EPOCA CONSTRUTORA	4120400	2062
171721000164	PAULO RICARDO STEDILE E CIA LTDA - ME	DROGARIA SAO JOSE	4771701	2062
171814000199	DROGARIA DOSESI LTDA		4771701	2062
172016000181	MICROINDEX COMERCIO E SERVICOS LTDA - EPP		8219999	2062
172291000103	MED-SINAL INDUSTRIA E COMERCIO DE MOVEIS E EQUIPAMENTOS LTDA - ME	MED-SINAL PRODUTOS MEDICOS-VETERINARIOS	4645101	2062
173198000105	OLIVA IMOVEIS LTDA		6821801	2062
173470000157	ANTONIO BRAZ DE OLIVEIRA - ME	DROGARIA SHALON	4771701	2135
173679000110	INFOCOMPANY INFORMATICA E COMPANIA LTDA - EPP		4751201	2062
173802000101	C.A.W. PROJETOS E CONSULTORIA INDUSTRIAL LTDA		7112000	2062
174322000157	FINATTO-COMERCIO IMPORTACAO E EXPORTACAO DE MAQUINAS E EQUIPAMENTOS LTDA	FINATTO	4669999	2062
174630000182	DROGARIA CENTRAL DE FERNANDOPOLIS LTDA - ME		4771701	2062
174998000140	JOSE CICERO DO NASCIMENTO - ME	FARMAVIDA	4771701	2135
175100000159	GLT DROGARIA E PERFUMARIA LTDA	REDE DROGADADA	4771702	2062
175233000125	TRES LEOES MATERIAL HOSPITALAR LTDA	TRES LEOES MATERIAL HOSPITALAR	4644301	2062
175819000190	AM DERIVADOS DE PETROLEO E COMERCIO LTDA	POSTO CENTENARIO	4731800	2062
175942000100	DALCIN LIESENFELD E CIA LTDA - ME	FARMACIA PROFETA	4771701	2062
176040000199	ASSOCIACAO ESPIRITA BENEFICENTE PAULO DE TARSO		8610101	3999
176583000106	A. COSTA E BARRUECO LTDA - ME	FARMACIA ELETRA	4771701	2062
177247000188	CARENA EIRELI - EPP	CARENA	4744005	2305
177417000124	DROGARIA MOREIRA LTDA - ME	DROGANORTE	4771701	2062
177483000102	PATRONATO SHOPPING LTDA		4744001	2062
178551000140	MARCOS A A DE LIMA - ME	FARMACIA IEPE	4771701	2135
181085000232	CLINICA E CIRURGIA DE OLHOS DR ARMANDO A GUEDES LTDA - EPP	EYE CENTER	8630501	2240
181398000100	FARMACIA SANAEH LTDA - ME	PHARMATIVA	4771701	2062
182545000166	JT CONSTRUCAO EIRELI - EPP		4120400	2305
183135000130	MARAMBAIA VEICULOS LTDA		4511101	2062
183971000114	SINI INFORMATICA LTDA.	SINI INFORMATICA	4751201	2062
185997000100	NOVO HORIZONTE JACAREPAGUA IMPORTACAO E EXPORTACAO LTDA	NHJ DO BRASIL	2930101	2062
186462000145	VALERIA CRISTINA MARINI - ME	DROGACENTER	4771701	2135
186474000170	ALBR INDUSTRIA E COMERCIO LTDA	ALESCO	2651500	2062
186938000148	LIGMOBILE TELECOMUNICACOES LTDA		6120502	2062
188111000173	R PEOTTA ENGENHARIA E CONSULTORIA LTDA		7112000	2062
188788000101	SYSTEMA 2/90 COMUNICACAO VISUAL LTDA - ME		3319800	2062
188939000121	CARLOS ALBERTO JUNG E CIA LTDA - EPP	FARMACIA UNIAO	4771701	2062
189750000153	LABORATORIO EXAME DE TERESINA LTDA	LABORATORIO EXAME TERESINA	8640299	2062
190029000183	RADIOFACE S/C LTDA - EPP	RADIOFACE	8650099	2240
190951000170	AVISO URGENTE - CLIPPING E SOFTWARES LTDA - EPP	AVISO URGENTE	6399200	2062
192190000196	OFTALMOPHARMA INDUSTRIA E COMERCIO DE PRODUTOS FARMACEUTICOS LTDA - EPP		2121101	2062
192707000147	MOA MANUTENCAO E OPERACAO LTDA		4321500	2062
192724000184	RURAL CENTER COMERCIO E REPRESENTACOES LTDA		4530703	2062
193146000109	CLINICA DE SERVICOS MEDICOS SANTA HELENA S/S LTDA - EPP		8630503	2240
193631000174	FARMACIA NAKAYAMA LTDA - EPP	FARMACIA NAKAYAMA	4771701	2062
195690000181	GLP GAS DISTRIBUIDORA DE GAS LTDA	GLPGAS DISTRIBUIDORA	4682600	2062
196526000199	IMTEP GSI CLINICA MEDICA HOSPITALAR LTDA.	IMTEP SAUDE EMPRESARIAL	8630502	2062
196642000108	CONSTROLUZ COMERCIO DE MATERIAIS ELETRICOS LTDA	CONSTROLUZ ELETRICA E HIDRAULICA	4742300	2062
197365000158	AMECI ASSISTENCIA MEDICA E CIRURGICA IUNES LTDA - ME	MATTER CLINICA E DIAGNOSTICOS	8630503	2062
197674000128	LUIZ CARLOS FABBRI - ME		4771701	2135
198163000120	MAQUIPEL HIGIENE LIMPEZA LTDA - ME		4649408	2062
198821000184	DROGARIA SAO MARCOS LTDA - ME	DROGARIA SAO MARCOS	4771701	2062
199752000123	DROGARIA ODEON LTDA	FARMACIA ODEON	4771701	2062
200174000106	LOCATIVA EMPREENDIMENTOS IMOBILIARIOS LTDA	LOCATIVA	6821802	2062
201018000151	NK COMERCIO DE PAPEIS LTDA - ME	NK DISTRIBUIDORA	4772500	2062
201182000169	DISTRIBUIDORA DE AGUAS MINERAIS BH LTDA - EPP		4723700	2062
202770000117	SERVICO MUNICIPAL DE AGUA E ESGOTO	SAAE DE COSTA RICA	8411600	1031
202921000137	GOSALAN MORENO E CIA LTDA - ME	GOSALAN FARMA	4771701	2062
203590000150	SIDD COMERCIAL DISTRIBUIDORA DE MEDICAMENTOS LTDA - EPP	SIDD MEDICAMENTOS	4644301	2062
204120000100	REGINA RIBEIRO PEIXOTO E CIA. LTDA - EPP	DROGARIA ELISA	4771701	2062
204362000102	POSTO DE SERVICOS AGUA CLARA LTDA		4731800	2062
205278000103	FEITOSA E CIA LTDA - EPP		5812302	2062
205990000102	RAIMUNDO GUILHERME FERREIRA LOPES - ME	ELETRONICA GM	4757100	2135
205990000285	RAIMUNDO GUILHERME FERREIRA LOPES - ME	ELETRONICA GM	4757100	2135
206146000198	SYLVESTRE E MARTINS LTDA - ME		4771701	2062
206404000136	RCC DROGARIAS E FARMACIAS LTDA	RENI FARMACIAS	4771701	2062
208932000124	CLINIRAD CLINICA DE RADIOTERAPIA LTDA	CLINIRAD	8640205	2062
209757000190	TOPA TUDO BH COMERCIO E DISTRIBUICAO DE MOVEIS LTDA - EPP	TOPA TUDO BH	4754701	2062
211354000185	SOCIEDADE DE LIBERTACAO DO DROGATIVO E ALCOOLATRA	FAZENDINHA SENHOR JESUS	8720499	3999
212124000130	TAGUA REVENDEDORA DE DIESEL LTDA	AUTO POSTO TAGUA	4731800	2062
212655000123	PERFIL - GRAFICA E EDITORA LTDA - ME	PERFIL - GRAFICA E EDITORA	5829800	2062
212675000366	ABT COMERCIAL ELETRICA LTDA	ABT COMERCIAL ELETRICA	4742300	2062
213702000153	CENTRO DE DESENV DO POT HUMANO RAIO DE LUZ LTDA - ME	ESCOLA ESPECIAL RAIO DE LUZ	8512100	2062
215335000127	LABORATORIO DE ANALISES CLINICAS LABCLIN LTDA - ME	LABCLIN	8219999	2062
216155000160	KILDARY ARAUJO DE CARVALHO - ME	KILDARY HOME CENTER	4744099	2135
216435000178	CUNHA DERIVADOS DE PETROLEO LTDA - EPP		4731800	2062
216960000193	PRACASA UTILIDADES E ACESSORIOS LTDA - EPP		4742300	2062
217046000167	BELOPETRO LTDA		4731800	2062
218208000181	DROGARIA VILLAGE LTDA - ME	DROGA NOVA II	4771701	2062
218358000195	FARMACIA DORIVAL LTDA - ME		4771701	2062
219137000131	CERTA CENTRO ESPECIALIZADO EM REABILITACAO DE TOXICOMANOS E ALCOOLISTAS		9430800	3999
219640000197	HBO BRASIL LTDA	SMC.	7311400	2062
221843000118	FARMACIA SILVANO LTDA - EPP		4771701	2062
223664000110	SL ABASTECEDORA MARITIMA LTDA - ME	QUEBRA VAGA	4763605	2062
225737000102	ASSOCIACAO DOS PEQUENOS PRODUTORES RURAIS UNIAO		9430800	3999
228591000159	SERGIO CARLOS CARVALHEIRO - ME	DROGARIA SAO CARLOS	4771701	2135
228813000133	CENTRO DE MEDICINA NUCLEAR DE PERNAMBUCO LTDA - EPP	CEMUPE	8640299	2062
229627000119	OSVALDECI GIACOMINI - ME		4771701	2135
230751000102	GREEN LAB ANALISES QUIMICAS E TOXICOLOGICAS LTDAS - EPP		7120100	2062
231792000105	LOPES LEMOS COMERCIO DE COMBUSTIVEIS LTDA	POSTO NEGO VEIO	4731800	2062
232924000113	DROGARIA VIMIEIRO PASCOAL LTDA - ME		4771701	2062
232966000154	DROGARIA NOSSA SENHORA APARECIDA DE QUATA LTDA - ME	DROGARIA NOSSA SENHORA APARECIDA	4771701	2062
233883000180	INTERSYSTEMS DO BRASIL LTDA		6203100	2062
235894000107	M G FARMACIAS LTDA - ME	FARMA FORMULAS	4771702	2062
236355000184	FAGAN E SILVA LTDA - ME	FARMANOVA FARMACIA NOVA OLIMPIA	4771701	2062
236371000177	REFFEG PRESTACAO DE SERVICOS LTDA - ME	REFFEG ASSESSORIA LTDA	8111700	2062
236822000176	BISCARO E CIA LTDA - ME	FARMACIA SANTA MARIA	4771701	2062
237370000147	MUNICIPIO DE ARAPOEMA	ARAPOEMA PREFEITURA MUNICIPAL GABINETE DO PREFEITO	8411600	1244
237496000111	SANDRO AUGUSTO VIEIRA DA SILVA - ME	CPC CENTRO PROFISSIONALIZANTE DE CAMACARI	8541400	2135
237518000143	CONSTRUTORA CAIAPO LTDA		4211101	2062
238295000139	DROGARIA DO BECO LTDA - EPP	DROGARIA DO BECO	4771701	2062
238709000120	JOAO BATISTA PEREIRA E CIA LTDA - ME	DROGARIA SAO LUIZ	4771701	2062
239493000117	ADELCIA INES ZAMBALDI BARDUCO E CIA LTDA - EPP		4771701	2062
239500000180	SAMIA RITA MANSOUR - EPP	FARMACIA POPULAR]	4771701	2135
240568000180	MULTITEINER COMERCIO E LOCACAO DE CONTEINERES LTDA		2930101	2062
240594000108	ATACADO DE FRUTAS E LEGUMES JERONIMO LTDA - EPP		4633801	2062
242351000109	MAR E FIRE EQUIPAMENTOS E PROTECAO CONTRA INCENDIO LTDA - ME		4789099	2062
242692000184	FERRAGENS FAVORITA LTDA - EPP		4744099	2062
243167000183	CSA COM.SUPRIM.E ASSISTENCIA TEC.DE MAQ.COPIADORAS LTDA - EPP	CSA COPIADORAS	7733100	2062
243530000160	RADIOGRAPH CLINICA DE IMAGEM LTDA - EPP		8640206	2062
245134000172	MUNDIAL PRODUTOS FARMACEUTICOS LTDA - ME	DROGARIA INDEPENDENCIA	4771701	2062
245551000115	TERRA TRES CONSULTORIA PROJETOS E ADM RURAL S/C LTDA - ME	TERRA TRES	161099	2062
247842000142	MARFIM BEAGA LTDA - ME		4759899	2062
248569000170	I R DA SILVA - ME	A PADRAO CARIMBOS	2219600	2135
250178000190	CBCO-CENTRO BRASILEIRO DE CIRURGIA DE OLHOS LTDA	CBCO	8610101	2062
251867000110	PETRILLI MEDICOS ASSOCIADOS LTDA		8630503	2240
252848000108	TELECINE PROGRAMACAO DE FILMES LTDA		6022501	2062
252984000106	TRANSPORTADORA FIOROT LTDA		4930201	2062
253043000189	POUPY DISTRIBUIDORA COMERCIAL LTDA		4711302	2062
253414000122	INSTITUTO DE OTOLOGIA AUDIOMETRIA S/S LTDA - ME		8630599	2240
254343000182	NORTRON INDUSTRIA, COMERCIO, SERVICO, IMPORTACAO E EXPORTACAO LTDA - EPP	NORTRON	4652400	2062
257143000183	JOSIANY NOVACKI CLETO EIRELI - EPP	M K CONSTRUCOES	4120400	2305
258683000181	J.MENESES CONSTRUCOES LTDA	J. M. CONSTRUCOES	4120400	2062
260179000205	MAQUINA DA NOTICIA COMUNICACAO LTDA.	MAQUINA DA NOTICIA	7490199	2062
261669000137	GLAIDTON ALVES FERREIRA - ME	FARMACIA SANTA TEREZINHA	4771701	2135
262931000168	SILVA BORGES E SILVA LTDA - EPP	FARMACIA NOSSA SENHORA APARECIDA	4771701	2062
263757000178	PAPELARIA SAO JUDAS TADEU LTDA - EPP	PAPELARIA SAO JUDAS TADEU	4761003	2062
263811000185	AUTO POSTO CENTENARIO COMERCIO DE COMBUSTIVEIS E SERVICOS LTDA		4731800	2062
265426000177	CONCRETA ENGENHARIA E CONSTRUCOES LTDA		4120400	2062
266311000105	QUARK MED. COM. E SERVICOS DE PRECISAO LTDA - EPP	QUARK MED.	3312103	2062
268176000129	DROGARIA SAO JOSE DE NOVA ERA LTDA - EPP		4771701	2062
268244000150	MARCIA DE FATIMA BRAGANTE ORTOPEDIA - ME	ORTOPEDIA TECNICA RAINHA	4773300	2135
270357000190	CORREA E BOSSOLAN LTDA - ME		4771701	2062
270713000175	DROGARIA SANTA TEREZINHA DE ARARAQUARA LTDA - ME	DROGARIA SANTA TEREZINHA	4771701	2062
271618000196	FARMACIA ITAUNA POPULAR LTDA  - ME	FARMACIA ITAUNA POPULAR	4771701	2062
271787000126	V R COUTO DROGARIA - ME	DROGARIA E PERFUMARIA COUTO	4771701	2135
272028000188	JABOUR CONSTRUCOES LTDA - EPP		4313400	2062
272105000108	POSTO INDEPENDENCIA LTDA		4731800	2062
272984000160	DROGARIA BERNARDELLI LTDA - EPP	REDE UNIDROGA	4771701	2062
273931000163	SOMACAL E REMONTI LTDA - ME	FARMACIA STA HELENA	4771701	2062
273972000150	DROGARIA GESUNDHEIT LTDA - ME	DROGARIA GESUNDHEIT	4771701	2062
274215000109	AC INFORMATICA E PRESTACAO DE SERVICOS LTDA - EPP		9609299	2062
275736000172	ALESSANDRA MARIA PIRES ZERBINI - EPP	FARMACIA JARDIM	4771702	2135
276061000186	L S COMERCIO DE PNEUS LTDA - ME	PNEUS E CIA AUTO CENTER	4530705	2062
276970000700	LABORATORIO DE PESQUISAS MEDICAS LTDA		8640202	2062
277106000137	PERSONAL SERVICE RECURSOS HUMANOS E ASSESSORIA EMPRESARIAL LTDA		7810800	2062
277128000105	EDATEL TELECOMUNICACOES LTDA - ME		6190601	2062
278212000135	FUAD ZEQUI ITATINGA - ME	DROGARIA CENTRAL	4771701	2135
278292000129	MARIA TEREZA BARROS DE ARAUJO - ME		4771703	2135
278452000130	IDEMP - INSTITUTO DE DESENVOLVIMENTO EMPRESARIAL LTDA	INSTITUTO DE DESENVOLVIMENTO EMPRESARIAL - IDEMP	8599604	2062
278912000120	FUNDACAO DE APOIO A EDUCACAO E DESENV TECNOLOGICO DE MG	FUNDACAO CEFETMINAS	9430800	3069
279531000670	TUPAN CONSTRUCOES LTDA	TUPAN CONSTRUCOES	4744005	2062
279767000100	MINAS IMPORT LTDA - EPP	H-TECH VIDEO SURGERY	4645101	2062
279835000122	DROGARIA CAMARGOS LTDA - EPP	DROGARIA CAMARGOS	4771701	2062
280854000179	DEENEA DISTRIBUIDORA LTDA - EPP		4644301	2062
281007000129	AUTO POSTO SAO BENTO DO SAPUCAI LTDA	AUTO POSTO SAO BENTO	4731800	2062
281918000156	MURAL MIDIA EXTERIOR E SERVICOS LTDA - EPP	MURAL	7312200	2062
282541000150	FARMACIA ARAGUAPAZ LTDA - EPP	FARMACIA ARAGUAPAZ	4771701	2062
283018000148	GOIASFORTE VIGILANCIA E SEGURANCA LTDA	GOIASFORTE VIGILANCIA	8011101	2062
283538000150	COMPUWEB COMERCIO E SERVICOS EIRELI - ME	COMPUWEB	4751201	2305
284085000187	FORUM DA COMARCA DE ROSARIO OESTE	FORUM DA COMARCA DE ROSARIO OESTE	8423000	1082
285753000190	VENANCIO PRODUTOS FARMACEUTICOS LTDA.		4644301	2062
285753000433	VENANCIO PRODUTOS FARMACEUTICOS LTDA.	DROGARIA VENANCIO	4771701	2062
285753001324	VENANCIO PRODUTOS FARMACEUTICOS LTDA.		4644301	2062
286821000136	LUMIDAN DISTRIBUIDORA LTDA - EPP	LUMI DISTRIBUIDORA	4789099	2062
287336000187	SHOP PLAST COMERCIAL DE EMBALAGEM LTDA - ME	EMBALE	4789099	2062
288122000125	MUNDIFILTROS COMERCIO E REPRESENTACOES LTDA - EPP		4753900	2062
288403000188	FRETCAR TRANSPORTES RODOVIARIOS LTDA		4922101	2062
288790000152	BAURU COMERCIO DE PECAS E SERVICOS EIRELI - EPP		4530701	2305
289793000100	DROGARIA CRISTA LTDA - ME	DROGARIA PRECO BAIXO	4771701	2062
290174000136	AUTO POSTO PAU BRASIL LTDA	AUTO POSTO PAU BRASIL	4731800	2062
290850000171	CONDOMINIO JK BLOCO F	CONDOMINIO JUSCELINO KUBITSCHEK	8112500	3085
290852000160	ASSOCIACAO PRO - DESENVOLVIMENTO HUMANO FREEART	FREEART	9430800	3999
291003000121	REDE SAUDE IMPORTACAO E COMERCIO DE MEDICAMENTOS LTDA - EPP		4771701	2062
291122000184	CROMOARTE EDITORA E PUBLICIDADE LTDA - ME	CROMOARTE	1821100	2062
291755000192	H.M.S. TRANSPORTES E LOCACAO DE CACAMBAS LTDA	H.M.S. TRANSPORTES DE RESIDUOS	4930201	2062
292081000140	VIASOLO ENGENHARIA AMBIENTAL S.A		3811400	2054
293877000118	M S COMERCIO DE MAQUINAS E SERVICOS LTDA - EPP	M S MAQUINAS E SISTEMAS	4751201	2062
294414000170	POSTO MILCAR LTDA		4731800	2062
294440000107	CEMA CENTRO DE MEDICINA AVANCADA S/S - ME		8630503	2232
294999000129	REFRICLINICA BAURU LTDA		4322302	2062
295998000107	COMERCIAL DROGANOVA DE PIRACANJUBA LTDA - ME		4771701	2062
296112000131	PHOENIX AUTO POSTO LTDA - ME		4731800	2062
296501000167	DROGARIA LAGO LTDA - ME	FARMALAGO	4771701	2062
297294000165	LETRAS E TEMAS TRADUCOES LTDA - ME		7490101	2062
297469000134	ASSOCIACAO COMUNITARIA DE SANTA CRUZ		9430800	3999
297473000100	DIRCE MARIA ROCHA DE SOUZA E CIA LTDA - ME		4771701	2062
298171000149	KUNIMI E JORDAO LTDA - EPP	DROGANOVA	4771702	2062
299160000183	LUIZ MELO E CIA LTDA - ME	EDITORA E GRAFICA L E M	8219901	2062
299180000154	MUNICIPIO DE PARAISO DO TOCANTINS	PREFEITURA MUNICIPAL DE PARAISO DO TOCANTINS	8411600	1244
299198000156	MUNICIPIO DE PORTO NACIONAL	PREFEITURA MUNICIPAL DE PORTO NACIONAL	8411600	1031
300357000195	COM.DE COMBUSTIVEIS E TRANSPORTE TRANSPANTANEIRA LTDA	POSTO E TRANSPORTADORA PEGORARO	4731800	2062
300531000108	CONSTRUTERRA CONSTRUCOES E TERRAPLENAGEM LTDA	CONSTRUTERRA LTDA	4313400	2062
300568000128	RIDEL-MATERIAL ELETRICO LTDA		4742300	2062
300634000160	PAIVA E MENDES LTDA - ME		4771701	2062
300929000136	POSTO MAR NEGRO LTDA		4731800	2062
301932000174	L R A MONTEIRO PECAS - ME	FIBRAMAX	4789099	2135
302448000160	SAO MIGUEL AR CONDICIONADO LTDA - EPP		4322302	2062
304020000156	COMERCIAL DE MEDICAMENTOS ATC EIRELI - EPP	FARMACIA MANNOS	4771701	2305
304148000110	FUNDACAO DE SAUDE ITAIGUAPY	HOSPITAL MINISTRO COSTA CAVALCANTI	8610101	3069
304243000113	MC COMERCIO E DERIVADOS DE PETROLEO LTDA - ME	POSTO ABREU E LIMA	4731800	2062
304324000113	D J WERNER E CIA LTDA - EPP	COOPERFARMA	4771701	2062
304559000105	HUNTER CIENTIFICA COMERCIAL E SERVICOS LTDA - EPP	HUNTER CIENTIFICA	3312103	2062
304725000173	CONSELHO REGIONAL DE ENGENHARIA E AGRONOMIA DO DISTRITO FEDERAL		8411600	1104
305884000192	EDNA SANCHES E CIA LTDA - EPP		8640202	2062
305886000181	NOVELLO E BUENO LTDA - ME		4771701	2062
306524000105	LEISTUNG COMERCIO E SERVICOS DE SISTEMAS DE ENERGIA LTDA.		8299799	2062
306524000296	LEISTUNG COMERCIO E SERVICOS DE SISTEMAS DE ENERGIA LTDA.	LEISTUNG COM E SERV DE SIST DE ENERGIA - FILIAL MG	4669999	2062
306597001683	CASCOL COMBUSTIVEIS PARA VEICULOS LTDA	POSTO ESTACAO 23	4731800	2062
306597002655	CASCOL COMBUSTIVEIS PARA VEICULOS LTDA	CASCOL COMBUSTIVEIS PARA VEICULOS LTDA	4731800	2062
306597003031	CASCOL COMBUSTIVEIS PARA VEICULOS LTDA	CASCOL COMBUSTIVEIS PARA VEICULOS LTDA	4731800	2062
306597003384	CASCOL COMBUSTIVEIS PARA VEICULOS LTDA	CASCOL COMBUSTIVEIS PARA VEICULOS LTDA	4731800	2062
306597004941	CASCOL COMBUSTIVEIS PARA VEICULOS LTDA	CASCOL COMBUSTIVEIS PARA VEICULOS LTDA	4731800	2062
306597005590	CASCOL COMBUSTIVEIS PARA VEICULOS LTDA	CASCOL COMBUSTIVEIS PARA VEICULOS LTDA	4731800	2062
306597005751	CASCOL COMBUSTIVEIS PARA VEICULOS LTDA	CASCOL COMBUSTIVEIS PARA VEICULOS LTDA	4731800	2062
306597005832	CASCOL COMBUSTIVEIS PARA VEICULOS LTDA	CASCOL COMBUSTIVEIS PARA VEICULOS LTDA	4731800	2062
306597006480	CASCOL COMBUSTIVEIS PARA VEICULOS LTDA	CASCOL COMBUSTIVEIS PARA VEICULOS LTDA	4731800	2062
306597007290	CASCOL COMBUSTIVEIS PARA VEICULOS LTDA	CASCOL COMBUSTIVEIS PARA VEICULOS LTDA	4731800	2062
306597007452	CASCOL COMBUSTIVEIS PARA VEICULOS LTDA	CASCOL COMBUSTIVEIS PARA VEICULOS LTDA	4731800	2062
306597007533	CASCOL COMBUSTIVEIS PARA VEICULOS LTDA	CASCOL COMBUSTIVEIS PARA VEICULOS LTDA	4731800	2062
306597008009	CASCOL COMBUSTIVEIS PARA VEICULOS LTDA	CASCOL COMBUSTIVEIS PARA VEICULOS LTDA	4731800	2062
306597009587	CASCOL COMBUSTIVEIS PARA VEICULOS LTDA	CASCOL COMBUSTIVEIS	4731800	2062
306971000164	FILMAREI STUDIO GRAFICO EIRELI  - ME		4751201	2305
307362000120	ZALTU E BARROS LTDA	PRESIDENTE AUTO POSTO	4731800	2062
307834000144	SULCOP COPIADORAS E SUPRIMENTOS LTDA - EPP		4751201	2062
308082000136	MICROLESTE TECNOLOGIA EM INFORMATICA LTDA - EPP	MICROLESTE	4751201	2062
308141000176	CONNECTCOM TELEINFORMATICA COMERCIO E SERVICOS LTDA	CONNECTCOM TELEINFORMATICA	6209100	2062
308141000923	CONNECTCOM TELEINFORMATICA COMERCIO E SERVICOS LTDA	CONNECTCOM TELEINFORMATICA	6209100	2062
308881000102	FARMACIA HADDAD LTDA - EPP	FARMACIA BONNAFARMA	4771701	2062
310123000129	CENTRO DE ESTUDOS DE SAUDE LOPES LTDA - EPP	CEEL	8541400	2062
310506000105	DOMESTILAR LTDA	DOMESTILAR	4753900	2062
310605000189	DROGAFAR DE RESENDE LTDA - ME		4771701	2062
316937000170	DENSITOMED CENTRO DE DENSITOMETRIA OSSEA DE VARGINHA LTDA - EPP		8640299	2062
317343000184	FAMA SERVICE ADMINISTRACAO DE SERVICOS GERAIS EIRELI - ME		8121400	2305
318156000115	INSTITUTO DE NEFROLOGIA E DIALISE LTDA		8610101	2062
319889000174	UNIAO PIONEIRA DE INTEGRACAO SOCIAL	UPIS	8531700	3999
319955000106	DROGARIA SANTA TERESA LTDA - EPP	FARMACIA SANTA TERESA	4771701	2062
320484000156	ASSOCIACAO BENEFICENTE RECANTO NOSSO LAR	RECANTO NOSSO LAR	8711502	3999
320523000115	ANTONIO VENANCIO DA SILVA EMPREENDIMENTOS IMOBILIARIOS LTDA		6810202	2062
320628000174	DROGARIA MATINHOS LTDA - ME	FARMACIA CAPITAL	4771701	2062
322595000100	DARIO CARLOS MAGNUS E CIA LTDA - ME	FARMACIA MORRINHOS	4771702	2062
322597000190	DROGARIA M I N A LTDA - ME		4771701	2062
322818000120	INDUSTRIAS NUCLEARES DO BRASIL S.A.INB	INB	2019301	2038
322818002093	INDUSTRIAS NUCLEARES DO BRASIL S.A.INB	INB	2019301	2038
323090000151	SOLL -SERVICOS OBRAS E LOCACOES LTDA		8121400	2062
324478000177	CHIARANI, PELIN E CIA LTDA - EPP	AGAFARMA	4771701	2062
324939000101	BRISTOL ADMINISTRACAO DE IMOVEIS LTDA - EPP	BRISTOL ADMINISTRACAO DE IMOVEIS	6810202	2062
325244000144	LIGA SISTEMAS DE INFORMATICA LTDA - ME		9511800	2062
325618000121	DROGARIA JARA LTDA - EPP	DROGACENTRO	4771701	2062
326118000104	ASSOCIACAO DE MORADORES E CLUBE DE MAES MARIA SANTISSIMA		9430800	3999
326238000101	FARMATECNICA COMERCIO DE MEDICAMENTOS LTDA - EPP		4771701	2062
327835000150	DROGARIA FACI LTDA - EPP		4771701	2062
328297000119	M E R FARMACIA LTDA - ME	FARMACIA IDEAL	4771701	2062
328405000153	DROGARIA DOS AMIGOS LTDA - EPP	DROGARIA DOS AMIGOS	4771701	2062
330021000175	DROGARIA NACIONAL COMERCIO DE MEDICAMENTOS E PERFUMARIA LTDA - ME	DROGARIA NACIONAL	4771701	2062
330330000145	FARMABROTAS FARMACIA LTDA - ME	FARMABROTAS	4771701	2062
330404000143	DROGARIA GEZEL LTDA - EPP		4771701	2062
330575000172	FARMACIA DE LUCCA LTDA - EPP		4771702	2062
330676000143	EPODONTO COMERCIO E SERVICOS LTDA - ME		4789099	2062
330743000120	DROGAINA PRODUTOS FARMACEUTICOS LTDA - ME	DROGARIA DROGAINA	4771701	2062
330865000116	PERSOU FARMACIA LTDA - ME		4771701	2062
331788000119	AIR LIQUIDE BRASIL LTDA		2014200	2062
331788000623	AIR LIQUIDE BRASIL LTDA		2014200	2062
331788001190	AIR LIQUIDE BRASIL LTDA		4684299	2062
331788001603	AIR LIQUIDE BRASIL LTDA		2014200	2062
331788001867	AIR LIQUIDE BRASIL LTDA		2014200	2062
331788002162	AIR LIQUIDE BRASIL LTDA	AIR LIQUIDE BRASIL LTDA	2014200	2062
331788002324	AIR LIQUIDE BRASIL LTDA		2014200	2062
331788002405	AIR LIQUIDE BRASIL LTDA	AIR LIQUIDE BRASIL LTDA	2014200	2062
331788002758	AIR LIQUIDE BRASIL LTDA	AIR LIQUIDE BRASIL LTDA	2014200	2062
331788003053	AIR LIQUIDE BRASIL LTDA	AIR LIQUIDE BRASIL LTDA	2014200	2062
331788003134	AIR LIQUIDE BRASIL LTDA	AIR LIQUIDE BRASIL LTDA	2014200	2062
331788004610	AIR LIQUIDE BRASIL LTDA		2014200	2062
331788005188	AIR LIQUIDE BRASIL LTDA	AIR LIQUIDE BRASIL LTDA	4684299	2062
331788005773	AIR LIQUIDE BRASIL LTDA	AIR LIQUIDE BRASIL LTDA	2014200	2062
331788006079	AIR LIQUIDE BRASIL LTDA		2014200	2062
331788006583	AIR LIQUIDE BRASIL LTDA	AIR LIQUIDE BRASIL LTDA	2014200	2062
331788007040	AIR LIQUIDE BRASIL LTDA	AIR LIQUIDE BRASIL LTDA	4684299	2062
331801000130	UNIAO BRASILIENSE DE EDUCACAO E CULTURA	UNIAO BRASILIENSE DE EDUCACAO E CULTURA - UBEC	8532500	3999
331801000482	UNIAO BRASILIENSE DE EDUCACAO E CULTURA	UNIVERSIDADE CATOLICA DE BRASILIA - UCB	8532500	3999
332087000102	SECURITY SEGURANCA LTDA		8011101	2062
332087000366	SECURITY SEGURANCA LTDA	SECURITY	8011101	2062
332087000528	SECURITY SEGURANCA LTDA		8011101	2062
332087000609	SECURITY SEGURANCA LTDA		8011101	2062
332087000951	SECURITY SEGURANCA LTDA	SECURITY VIGILANCIA PATRIMONIAL LTDA	8011101	2062
332752000150	ENCANEL COMERCIO DE MATERIAL DE CONSTRUCOES LTDA	ENCANEL HOME CENTER	4744099	2062
332833000826	DINAMICA ADMINISTRACAO, SERVICOS E OBRAS LTDA	DINAMICA	7830200	2062
333717000155	MOURA COMERCIO DE COMBUSTIVEIS LTDA	POSTO GAVIAO	4731800	2062
334275000161	CONDOMINIO EDIFICIO CORONEL QUINCO CABRAL		8112500	3085
334727000105	PORTO MATERIAIS DE ESCRITORIO LTDA - EPP	PORTO	4789007	2062
335189000173	PANIFICADORA FLOR DE PRIMAVERA LTDA - ME	SUPERMERCADO E PANIFICADORA PRIMAVERA	1091101	2062
336701000104	TELECOMUNICACOES BRASILEIRAS SA TELEBRAS	TELEBRAS	6110803	2038
336701000872	TELECOMUNICACOES BRASILEIRAS SA TELEBRAS	TELECOMUNICACOES BRASILEIRAS SA TELEBRAS	6110803	2038
336701002069	TELECOMUNICACOES BRASILEIRAS SA TELEBRAS	TELEBRAS	6110803	2038
336701002140	TELECOMUNICACOES BRASILEIRAS SA TELEBRAS	TELEBRAS	6110803	2038
336701002220	TELECOMUNICACOES BRASILEIRAS SA TELEBRAS	TELEBRAS	6110803	2038
336701002492	TELECOMUNICACOES BRASILEIRAS SA TELEBRAS	TELEBRAS	6110803	2038
336701002573	TELECOMUNICACOES BRASILEIRAS SA TELEBRAS	TELEBRAS	6110803	2038
336701003030	TELECOMUNICACOES BRASILEIRAS SA TELEBRAS	TELEBRAS	6110803	2038
336701003200	TELECOMUNICACOES BRASILEIRAS SA TELEBRAS	TELEBRAS	6110803	2038
336846000105	J. C. N. BONES PROMOCIONAIS LTDA - ME		1414200	2062
337565000169	POSITIVA QUALIDADE AMBIENTAL LTDA		4930203	2062
338944000173	SHAFT INDUSTRIA E COMERCIO LTDA - EPP		4322303	2062
339564000153	DESAFIO JOVEM DE BRASILIA		9430800	3999
339611000169	P F NETO PETROLEO E COMBUSTIVEIS LTDA		4731800	2062
339640000120	PRINTER OFFICE INFORMATICA LTDA - ME		9521500	2062
341440000102	NUNCIO E SCARAMUSSA LTDA - ME	MAXION MOTOR PECAS	4789099	2062
342241000119	FARMACIA SAO CIRO LTDA		4771702	2062
343527000119	DOROTI RAVIZON DA SIQUEIRA - ME	RAVIZON TRANSPORTES	4930202	2135
344026000157	LEMGRUBER DIGITAL EIRELI - EPP		4789007	2305
346098000133	MULIER LABORATORIO CLINICO LTDA	MULIER LABORATORIO CLINICO	8640202	2062
348003000110	EMPRESA BRASILEIRA DE PESQUISA AGROPECUARIA	EMBRAPA	7210000	2011
348003004299	EMPRESA BRASILEIRA DE PESQUISA AGROPECUARIA	CENTRO NACIONAL DE PESQUISA DE SOJA	7210000	2011
348003008103	EMPRESA BRASILEIRA DE PESQUISA AGROPECUARIA	EMBRAPA PRODUTOS E MERCADO - ESCRITORIO DE CANOINHAS	7210000	2011
348003009410	EMPRESA BRASILEIRA DE PESQUISA AGROPECUARIA	EMBRAPA PRODUTOS E MERCADO - ESCRITORIO DE BRASILIA	7210000	2011
348003012801	EMPRESA BRASILEIRA DE PESQUISA AGROPECUARIA	CENTRO DE PESQ AGROFLORESTAL DA AMAZONIA ORIENTAL CPAT	7210000	2011
349330000197	SERGIO INACIO DOS SANTOS DROGARIA - ME	DROGACENTER	4771701	2135
349491000180	GRAFFIC ENCADERNACOES LTDA  - ME		1822901	2062
349740000138	ELIANE MELARE CORREA E CIA LTDA - EPP		4771702	2062
349993000101	AUTO REGULADORA NIPPON LTDA - ME	AUTO REGULADORA NIPPON	4520001	2062
350804000110	DROGARIA ROZANI TEREZINHA DE SOUZA LTDA - EPP	DROGACENTRO	4771701	2062
351210000124	PERKINELMER DO BRASIL LTDA.	PERKINELMER	4664800	2062
351673000196	MANGTEC COMERCIO E REPRESENTACOES LTDA - ME		4789099	2062
352294000110	EMPRESA BRASILEIRA DE INFRAESTRUTURA AEROPORTUARIA - INFRAERO	INFRAERO	5240101	2011
352294000200	EMPRESA BRASILEIRA DE INFRAESTRUTURA AEROPORTUARIA - INFRAERO	AEROPORTO INT. DE BRASILIA - PRES. JUSCELINO KUBITSCHEK	5240101	2011
352294000382	EMPRESA BRASILEIRA DE INFRAESTRUTURA AEROPORTUARIA - INFRAERO	SUPERINTENDENCIA REGIONAL DO RIO DE JANEIRO	5240101	2011
352294000463	EMPRESA BRASILEIRA DE INFRAESTRUTURA AEROPORTUARIA - INFRAERO	CENTRO DE NEGOCIOS AEROPORTUARIOS DO NORTE	5240101	2011
352294000706	EMPRESA BRASILEIRA DE INFRAESTRUTURA AEROPORTUARIA - INFRAERO	AEROPORTO AFONSO PENA	5240199	2011
352294000897	EMPRESA BRASILEIRA DE INFRAESTRUTURA AEROPORTUARIA - INFRAERO	AEROPORTO INTERNACIONAL DE FLORIANOPOLIS	5240101	2011
352294000978	EMPRESA BRASILEIRA DE INFRAESTRUTURA AEROPORTUARIA - INFRAERO	AEROPORTO INTERNACIONAL DE FOZ DO IGUACU	5240101	2011
352294001001	EMPRESA BRASILEIRA DE INFRAESTRUTURA AEROPORTUARIA - INFRAERO	AEROPORTO PINTO MARTINS	5240101	2011
352294001435	EMPRESA BRASILEIRA DE INFRAESTRUTURA AEROPORTUARIA - INFRAERO	AEROPORTO INTERN DO RECIFE/GUARARAPES-GILBERTO FREYRE	5240101	2011
352294001788	EMPRESA BRASILEIRA DE INFRAESTRUTURA AEROPORTUARIA - INFRAERO	AEROPORTO INTERNACIONAL DE CAMPO GRANDE	5240101	2011
352294002083	EMPRESA BRASILEIRA DE INFRAESTRUTURA AEROPORTUARIA - INFRAERO	AEROPORTO PALMARES	5240101	2011
352294002164	EMPRESA BRASILEIRA DE INFRAESTRUTURA AEROPORTUARIA - INFRAERO	AEROPORTO MARECHAL CUNHA MACHADO	5240101	2011
352294002245	EMPRESA BRASILEIRA DE INFRAESTRUTURA AEROPORTUARIA - INFRAERO	AEROPORTO DE TERESINA/SENADOR PETRONIO PORTELLA	5240101	2011
352294002598	EMPRESA BRASILEIRA DE INFRAESTRUTURA AEROPORTUARIA - INFRAERO	AEROPORTO INTERNACIONAL DE MANAUS/EDUARDO GOMES	5240101	2011
352294002911	EMPRESA BRASILEIRA DE INFRAESTRUTURA AEROPORTUARIA - INFRAERO	AEROPORTO INTERNACIONAL DE RIO BRANCO	5240101	2011
352294003055	EMPRESA BRASILEIRA DE INFRAESTRUTURA AEROPORTUARIA - INFRAERO	AEROPORTO DE PORTO VELHO	5240101	2011
352294004299	EMPRESA BRASILEIRA DE INFRAESTRUTURA AEROPORTUARIA - INFRAERO	AEROPORTO INTERNACIONAL DE CRUZEIRO DO SUL	5240101	2011
352294006585	EMPRESA BRASILEIRA DE INFRAESTRUTURA AEROPORTUARIA - INFRAERO	AEROPORTO DE JACAREPAGUA	5240101	2011
352294009096	EMPRESA BRASILEIRA DE INFRAESTRUTURA AEROPORTUARIA - INFRAERO	AEROPORTO DE PARNAIBA	5240101	2011
352844000100	DROGARIA FLORENCA ARARAS LTDA - ME	FLORENCA	4771701	2062
354138000199	FINO SABOR INDUSTRIA E COMERCIO LTDA - EPP		1081302	2062
354249000103	CESAR ANTONIO DE SOUZA MORAES E CIA LTDA - ME	FARMACIA BIOFARMA	4771701	2062
354533000171	AUTO POSTO PETALA AZUL LTDA		4731800	2062
354654000113	CINZEL IMOBILIARIA LTDA - EPP	CINZEL IMOVEIS	6821802	2062
354953000158	DROGARIA ZANOTELLI E DA LUZ LTDA  - ME		4771701	2062
355999000191	CLEANTEC SERVICOS PERSONALIZADOS LTDA - EPP	WASHTEC TINGIMENTOS E LAVANDERIA	9601701	2062
356213000150	LEOGRAF GRAFICA E EDITORA LTDA	LEOGRAF	1811302	2062
356306000185	NGBRASIL MOVEIS LTDA - ME		4754701	2062
356328000145	CONSTRUTORA ZAG LTDA		4211101	2062
356358000151	ELTRON COMERCIO E SERVICOS DE EQUIPAMENTOS ELETRONICOS LTDA - EPP		4751201	2062
357038000116	CENTRAIS ELETRICAS DO NORTE DO BRASIL S/A ELETRONORTE	ELETROBRAS ELETRONORTE	3511501	2038
358169000118	SOLVE SERVICE QUIMICA E MEIO AMBIENTE LTDA - ME		8122200	2062
358341000133	CONSTRUCOES E EMPREENDIMENTOS SANTA FE LTDA  - ME		6810201	2062
358614000140	RADIO TRANSAMERICA DE BRASILIA LIMITADA		6010100	2062
359543000108	DROGARIA AVENIDA DE TAQUARITINGA LTDA - ME	DROGARIA AVENIDA	4771701	2062
360305000104	CAIXA ECONOMICA FEDERAL	CEF MATRIZ	6423900	2011
360305000295	CAIXA ECONOMICA FEDERAL	AGENCIA PLANALTO BR	6423900	2011
360305016450	CAIXA ECONOMICA FEDERAL	AGENCIA VICOSA MG	6423900	2011
360305051876	CAIXA ECONOMICA FEDERAL	AGENCIA TAQUARA RS	6423900	2011
360305062053	CAIXA ECONOMICA FEDERAL	AGENCIA TRT/BH	6423900	2011
360305062568	CAIXA ECONOMICA FEDERAL	PAB JUSTICA FEDERAL,RJ	6423900	2011
360305062720	CAIXA ECONOMICA FEDERAL	AGENCIA CONCORDIA SC	6423900	2011
360305065079	CAIXA ECONOMICA FEDERAL	AGENCIA JUSTICA FEDERAL CURITIBA/PR	6423900	2011
360305147121	CAIXA ECONOMICA FEDERAL	PAB JUSTICA FED.JUIZ FORA,MG	6423900	2011
360305150939	CAIXA ECONOMICA FEDERAL	AGENCIA TRT/BA	6423900	2011
360305196173	CAIXA ECONOMICA FEDERAL	AGENCIA MARACANAU-CE	6423900	2011
360305235845	CAIXA ECONOMICA FEDERAL	PAB JUSTICA FEDERAL DE JOINVILLE	6423900	2011
360305237031	CAIXA ECONOMICA FEDERAL	PAB JUSTICA FEDERAL FLORIANOPOLIS	6423900	2011
360305238780	CAIXA ECONOMICA FEDERAL	AGENCIA PRESIDENTE VARGAS,RJ	6423900	2011
360305239409	CAIXA ECONOMICA FEDERAL	PAB JUSTICA FEDERAL,AL	6423900	2011
360305270403	CAIXA ECONOMICA FEDERAL	PAB JUSTICA FEDERAL DE RIO GRANDE	6423900	2011
360305270594	CAIXA ECONOMICA FEDERAL		6423900	2011
360305285435	CAIXA ECONOMICA FEDERAL	PAB TRT UBERABA	6423900	2011
360305395451	CAIXA ECONOMICA FEDERAL	PABJUSTICA FEDERAL BLUMENAU	6423900	2011
360305402849	CAIXA ECONOMICA FEDERAL	PAB JUSTICA FEDERAL PETROLINA	6423900	2011
360305410272	CAIXA ECONOMICA FEDERAL	PAB JUSTICA FEDERAL SAO CARLOS	6423900	2011
360305411830	CAIXA ECONOMICA FEDERAL	AGENCIA BRIGADEIRO LIMA E SILVA	6423900	2011
360725000190	COMERCIO DE PRODUTOS FARMACEUTICOS LORENA LTDA - EPP	FARMACIA REAL	4771701	2062
361145000118	POSTO ANTARES LTDA	GRAAL	4731800	2062
361418000124	CONCEITO ENGENHARIA LTDA	CONCEITO ENGENHARIA	4120400	2062
361945000139	SISTEMA MEIO NORTE DE COMUNICACAO LTDA	MEIO NORTE	5822101	2062
363047000110	SERV END INDUSTRIA E COMERCIO LTDA - EPP		2651500	2062
363702000130	INOB - INSTITUTO DE OLHOS E MICROCIRURGIA DE BRASILIA LTDA.		8610101	2062
364514000126	FARMACIA E DROGARIA GIONGO LTDA - ME	FARMACIA FARMAVIDA	4771701	2062
364578000127	MEDICWARE SISTEMAS DE INFORMATICA LTDA		6202300	2062
365592000145	AMPRO - LABORATORIO E ENGENHARIA LTDA - EPP		7120100	2062
366257000161	CADERODE MOVEIS PARA ESCRITORIO LTDA		3101200	2062
366518000143	IRFATUR TURISMO E HOTELARIA SA	ARACOARA HOTEL	5510801	2054
366849000183	INSTITUTO EUVALDO LODI DO DISTRITO FEDERAL	IEL BRASILIA	9430800	3999
367426000188	ELDA P FAZANHA SANCHES - EPP	FARMACIA FARMA MEL	4771702	2135
368358000171	POSTO ALCATRAZES DE BOICUCANGA LTDA		4731800	2062
368488000104	M C COMERCIO E REPRESENTACOES LTDA - EPP		4647801	2062
368525000184	DISTRIBUIDORA DE BEBIDAS OURO VERDE LTDA - ME	ACQUA NORTE	4723700	2062
369633000171	CAMPBELL SCIENTIFIC DO BRASIL LTDA		4669999	2062
369639000149	MARIA FERNANDA PENTEADO GABRIELLI - ME	FARMACIA SAO PAULO	4771701	2135
371608000122	ROBERVAL RIBEIRO DIAS CPF: 566.278.666-68 - ME	DROGARIA DIAS	4771701	2135
374752000112	J. GONCALVES E CIA LTDA - ME	FARMACIA VIDA E SAUDE	4771701	2062
376437000124	AUTO POSTO ABEL GALINHA LIMITADA	AUTO POSTO ABEL GALINHA 1	4731800	2062
377455000120	IDEXX BRASIL LABORATORIOS LTDA.		4693100	2062
377819000172	LINA DROGARIA E PERFUMARIA LTDA - ME		4771701	2062
378257000181	FUNDO NACIONAL DE DESENVOLVIMENTO DA EDUCACAO	F N D E	8411600	1104
379069000178	MARCIA DO NASCIMENTO CALDAS SOARES TRIANI - ME	DROGARIA SAO SEBASTIAO	4771701	2135
379172000118	LOGPRESS SOLUCOES GRAFICAS LTDA	LOGPRESS GRAFICA	1811302	2062
379655000112	ZERECO DISTRIBUIDORA DE PECAS LTDA	AUTO PECAS PARANA	4530701	2062
380931000162	CENTRO DE MEDICINA NUCLEAR DE BRASILIA LTDA	NUCLEOS CENTRO DE MEDICINA NUCLEAR	8640205	2062
381056000133	DEPARTAMENTO NACIONAL DE PRODUCAO MINERAL	DNPM	8411600	1104
381220000102	VALDIRENE COSTA DA SILVA E CIA LTDA - ME	FARMACIA COSTA E SILVA	4771701	2062
381838000172	FORUM DA COMARCA DE NOVA XAVANTINA	FORUM DA COMARCA DE NOVA XAVANTINA	8423000	1082
382069000127	HOSPITAL LAGO SUL S/A	HOSPITAL DAHER LAGO SUL S/A	8610101	2054
384377000191	MATEC MATERIAIS ELETRICOS E CONSTRUCOES LTDA		4744005	2062
385735000180	ADMINISTRADORA IPIRANGA LTDA	CONSERVADORA IPIRANGA	8211300	2062
385960000117	MAURO HENRIQUE PAVAN - ME		4771701	2135
387496000106	COOPERATIVA DE SERVICOS MEDICOS PEDIATRICOS DE PERNAMBUCO	COPEPE	8650099	2143
387886000178	LOJAS BLUMENAU TEXTIL E UTILIDADE EIRELI	BLUMENAU	4755503	2305
388550000120	ELCORDIS CENTRO DE DIAGNOSTICOS LTDA - EPP	ELCORDIS	8640299	2062
388909000169	ERNESTO SCHREIBER E CIA LTDA - ME	GLOBBAL COMUNICAO VISUAL	2511000	2062
388984000120	NASCIMENTO E CIA LTDA - ME	DROGARIA SAO JORGE	4771701	2062
392066000174	SILFARMA - PRODUTOS FARMACEUTICOS LTDA - ME	FARMASIL	4771701	2062
392115000411	E E F COMERCIO E SERVICOS DE INFORMATICA LTDA	INFO HOUSE	4751201	2062
393826000168	UPTEC - CONSTRUCAO E TECNOLOGIA LTDA		7112000	2062
394209000187	DOMINGOS SAVIO ROLIM CAVALCANTI - ME	MERCADINHO SAO DOMINGOS	4724500	2135
394429005331	COMANDO DA AERONAUTICA	ESCOLA DE ESPECIALISTAS DE AERONAUTICA	8422100	1015
394429018743	COMANDO DA AERONAUTICA	GRUPAMENTO DE APOIO DE CURITIBA - GAP-CT	8422100	1015
394445027212	MINISTERIO DA EDUCACAO	INSTITUTO BENJAMIN CONSTANT	8411600	1015
394452033613	COMANDO DO EXERCITO	ESTADO MAIOR DO EXERCITO	8422100	1015
394452051948	COMANDO DO EXERCITO	COMISSAO DO EXERCITO BRASILEIRO EM WASHINGTON	8422100	1015
394460001113	MINISTERIO DA FAZENDA	SUPERINTENDENCIA DE ADMINISTRACAO DO MF/ RJ	8411600	1015
394460002195	MINISTERIO DA FAZENDA	SUPERINTENDENCIA DE ADM DO MINISTERIO DA FAZENDA	8411600	1015
394460008045	MINISTERIO DA FAZENDA	DELEGACIA DA RECEITA FEDERAL DO BRASIL EM SAO LUIS/MA	8411600	1015
394460009360	MINISTERIO DA FAZENDA	DELEGACIA DA REC FEDERAL DO BRASIL DE FEIRA DE SANTANA	8411600	1015
394460010295	MINISTERIO DA FAZENDA	MF RFB DRF DE VARGINHA	8411600	1015
394460011933	MINISTERIO DA FAZENDA	DELEGACIA DA RECEITA FEDERAL DO BRASIL DE ARACATUBA(SP)	8411600	1015
394460026370	MINISTERIO DA FAZENDA	CENTRO REGIONAL DE TREINAMENTO DA ESAF EM MG	8411600	1015
394460036170	MINISTERIO DA FAZENDA	DELEGACIA DA RECEITA FEDERAL DO BRASIL DE MARILIA	8411600	1015
394494000136	MINISTERIO DA JUSTICA E SEGURANCA PUBLICA	MJ GABINETE DO MINISTRO	8411600	1015
394494000560	MINISTERIO DA JUSTICA	SECRETARIA NACIONAL DE SEGURANCA PUBLICA - SENASP	8411600	1015
394494008382	MINISTERIO DA JUSTICA	ACADEMIA NACIONAL DE POLICIA	8424800	1015
394494008463	MINISTERIO DA JUSTICA	SUPERINTENDENCIA REG DO DPF NO EST DE MT GROSSO DO SUL	8424800	1015
394494011413	MINISTERIO DA JUSTICA	SUPERINTENDENCIA REG. DA POL. RODOV. FED. NO RIO G. SUL	8424800	1015
394502017110	COMANDO DA MARINHA	ESCOLA DE APRENDIZES MARINHEIROS DE SANTA CATARINA	8411600	1015
394502017209	COMANDO DA MARINHA	CENTRO DE AVALIACAO DA ILHA DA MARAMBAIA	8422100	1015
394502039784	COMANDO DA MARINHA	CENTRO DE INTENDENCIA DA MARINHA EM NATAL	8422100	1015
394536001372	MINISTERIO DAS RELACOES EXTERIORES	MRE CERIMONIAL	8888888	1015
394536001534	MINISTERIO DAS RELACOES EXTERIORES	MRE ESCRITORIO DO CONS FIN DA EMB DO BRAS EM WASHINGTO	8888888	1015
394536001704	MINISTERIO DAS RELACOES EXTERIORES	MRE SEGUNDA COMISSAO BRASIL DEMARCADORA DE LIMITES	8411600	1015
394536003154	MINISTERIO DAS RELACOES EXTERIORES	EMBAIXADA DO BRASIL EM WASHINGTON	6911701	1015
394536003235	MINISTERIO DAS RELACOES EXTERIORES	MISSAO DO BRASIL JUNTO A ORGAN DOS ESTADOS AMERICANOS	6911701	1015
394536003405	MINISTERIO DAS RELACOES EXTERIORES	CONSULADO GERAL DO BRASIL EM NOVA YORK	6911701	1015
394536003588	MINISTERIO DAS RELACOES EXTERIORES	CONSULADO GERAL DO BRASIL EM BOSTOM	6911701	1015
394536003669	MINISTERIO DAS RELACOES EXTERIORES	CONSULADO GERAL DO BRASIL EM CHICAGO	6911701	1015
394536003740	MINISTERIO DAS RELACOES EXTERIORES	CONSULADO DO BRASIL EM HOUSTON	6911701	1015
394536003901	MINISTERIO DAS RELACOES EXTERIORES	CONSULADO GERAL DO BRASIL EM MIAMI	6911701	1015
394536004045	MINISTERIO DAS RELACOES EXTERIORES	CONSULADO GERAL DO BRASIL EM SAO FRANCISCO	6911701	1015
394536004479	MINISTERIO DAS RELACOES EXTERIORES	EMBAIXADA DO BRASIL EM AMAN	8421300	1015
394536004800	MINISTERIO DAS RELACOES EXTERIORES	EMBAIXADA DO BRASIL EM PEQUIM	6911701	1015
394536004983	MINISTERIO DAS RELACOES EXTERIORES	COSULADO GERAL DO BRASIL EM XANGAI	6911701	1015
394536005017	MINISTERIO DAS RELACOES EXTERIORES	EMBAIXADA DO BRASIL EM HAIA	6911701	1015
394536005521	MINISTERIO DAS RELACOES EXTERIORES	CONSULADO GERAL DO BRASIL EM LONDRES	6911701	1015
394536005602	MINISTERIO DAS RELACOES EXTERIORES	EMBAIXADA DO BRASIL EM BERNA	6911701	1015
394536005874	MINISTERIO DAS RELACOES EXTERIORES	DELEGACAO PERMANENTE DO BRASIL EM GENEBRA	6911701	1015
394536006250	MINISTERIO DAS RELACOES EXTERIORES	EMBAIXADA DO BRASIL EM PARAMARIBO	6911701	1015
394536007222	MINISTERIO DAS RELACOES EXTERIORES	MISSAO JUNTO AS COMUNIDADES EUROPEIAS - BELGICA	8421300	1015
394536008113	MINISTERIO DAS RELACOES EXTERIORES	EMBAIXADA EM OTTAWA - CANADA	8421300	1015
394536008202	MINISTERIO DAS RELACOES EXTERIORES	CONSULADO GERAL EM MONTREAL - CANADA	8421300	1015
394536008547	MINISTERIO DAS RELACOES EXTERIORES	EMBAIXADA EM SANTIAGO - CHILE	8421300	1015
394536008890	MINISTERIO DAS RELACOES EXTERIORES	ESCRITORIO COMERCIAL EM TAIPE - CHINA	8421300	1015
394536009438	MINISTERIO DAS RELACOES EXTERIORES	EMBAIXADA EM PRETORIA -AFRICA DO SUL	8421300	1015
394536011840	MINISTERIO DAS RELACOES EXTERIORES	CONSULADO GERAL EM ATLANTA - ESTADOS UNIDOS	8421300	1015
394536012145	MINISTERIO DAS RELACOES EXTERIORES	EMBAIXADA EM PARIS - PARIS	8421300	1015
394536012226	MINISTERIO DAS RELACOES EXTERIORES	DELEGACAO PERMANTE JUNTO A UNESCO - FRANCA	8421300	1015
394536012307	MINISTERIO DAS RELACOES EXTERIORES	CONSULADO GERAL EM PARIS- FRANCA	8421300	1015
394536014270	MINISTERIO DAS RELACOES EXTERIORES	CONSULADO GERAL EM CIDADE DEL ESTE - PARAGUAI	8421300	1015
394536018429	MINISTERIO DAS RELACOES EXTERIORES	EMBAIXADA EM BUDAPESTE - HUNGRIA	8421300	1015
394536021306	MINISTERIO DAS RELACOES EXTERIORES	EMBAIXADA DO BRASIL EM DOHA	8421300	1015
394536022612	MINISTERIO DAS RELACOES EXTERIORES	CONSULADO GERAL DO BRASIL EM WASHINGTON	8421300	1015
394536022884	MINISTERIO DAS RELACOES EXTERIORES	DELEGACAO DO BRASIL JUNTO A OMC	8421300	1015
394536023341	MINISTERIO DAS RELACOES EXTERIORES	CONSULADO GERAL DO BRASIL EM HARTFORD	8421300	1015
394536023856	MINISTERIO DAS RELACOES EXTERIORES	EMBAIXADA DO BRASIL EM ABU DHABI	8421300	1015
394544012787	MINISTERIO DA SAUDE	DEPARTAMENTO DO PESSOAL	8411600	1015
394544017665	MINISTERIO DA SAUDE	ESCRITORIO DE REPRESENTACAO DO MS/ALAGOAS	8610101	1015
394585000171	ESTADO DE RONDONIA		8411600	1236
394601000126	DISTRITO FEDERAL		8411600	1236
394639000107	FARMACIA E DROGARIA FRITSCH LTDA - ME	DROGARIA ANGELICA	4771701	2062
394676000107	SECRETARIA DE ESTADO DE EDUCACAO DO DISTRITO FEDERAL	SECRETARIA DE EDUCACAO DO DISTRITO FEDERAL	8411600	1023
394684000153	SECRETARIA DE ESTADO DE FAZENDA DO DISTRITO FEDERAL	DF SFI GABINETE DO SECRATARIO	8411600	1023
394772000155	PADRAO ENGENHARIA E CONSTRUCOES LTDA		4120400	2062
395228000128	CPD CONSULTORIA, PLANEJAMENTO E DESENVOLVIMENTO DE SISTEMAS LTDA	CPD INFORMATICA	6204000	2062
395490000172	CIRURGIA E DIAGNOSE EM OFTALMOLOGIA DO PARANA LTDA	CDOP - CIRURGIA E DIAGNOSE EM OFTALMOLOGIA DO PARANA	8630501	2062
396504000172	CLIAOD CLIN DE OTORRINOLARINGOLOGIA E AUDIOLOGIA LTDA	CLIAOD	8630503	2062
396895001792	MINISTERIO DA AGRICULTURA, PECUARIA E ABASTECIMENTO	SUPERINT.FED.DE AGRICULT., PECUARIA E ABASTEC.-SFA/MA	8422100	1015
396895004970	MINISTERIO DA AGRICULTURA, PECUARIA E ABASTECIMENTO	1 DISTRITO DE METEOROLOGIA 1 DISME	6911701	1015
396895007995	MINISTERIO DA AGRICULTURA, PECUARIA E ABASTECIMENTO	COMISSAO EXEC. DO PLANO DA LAVOURA CACAUEIRA/PARA-ADM	8411600	1015
396895008290	MINISTERIO DA AGRICULTURA, PECUARIA E ABASTECIMENTO	COMISSAO EXEC. DO PLAN DA LAV. CACAUEIRA/BAHIA-ADM	8411600	1015
396895008533	MINISTERIO DA AGRICULTURA, PECUARIA E ABASTECIMENTO	COMISSAO EXEC. DO PLANO DA LAV. CACAUEIRA/MANAUS-AM	8411600	1015
398022000151	PRO ANALISE QUIMICA E DIAGNOSTICA LTDA		4664800	2062
398022000232	PRO ANALISE QUIMICA E DIAGNOSTICA LTDA		4789099	2062
398022000402	PRO ANALISE QUIMICA E DIAGNOSTICA LTDA	PRO - ANALISE	4789099	2062
398099000121	ASSOCIACAO BRASILEIRA DE ORCAMENTO PUBLICO	ABOP	9430800	3999
398551000155	SEM LIMITES COMERCIO E SERVICOS LTDA - EPP		4753900	2062
399857000550	COMPANHIA DE DESENVOLVIMENTO DOS VALES DO SAO FRANCISCO E DO PARNAIBA	CODEVASF 4 DIRETORIA REGIONAL	8411600	2011
399857002501	COMPANHIA DE DESENVOLVIMENTO DOS VALES DO SAO FRANCISCO E DO PARNAIBA	CODEVASF - 7A SUPERINTENDENCIA REGIONAL	8411600	2011
399857002846	COMPANHIA DE DESENVOLVIMENTO DOS VALES DO SAO FRANCISCO E DO PARNAIBA	CODEVASF UNIDADE ADMINISTRATIVA	8411600	2011
400119000151	SHANON MODA EIRELI - EPP	SHANON	4642701	2305
402552000126	COMISSAO NACIONAL DE ENERGIA NUCLEAR		8413200	1104
402552000479	COMISSAO NACIONAL DE ENERGIA NUCLEAR	INSTITUTO DE RADIOPROTECAO E DOSIMETRIA	8413200	1104
402552000550	COMISSAO NACIONAL DE ENERGIA NUCLEAR	INSTITUTO DE PESQUISAS ENERGETICAS E NUCLEARES	8413200	1104
402552001289	COMISSAO NACIONAL DE ENERGIA NUCLEAR	CENTRO DE DESENVOLVIMENTO DA TECNOLOGIA NUCLEAR	8413200	1104
402772000150	ALMEIDA COMERCIO DE PECAS E SERVICOS LTDA - ME	MARRECO COMERCIO DE PECAS	4530703	2062
403982000162	SERMA EMPREENDIMENTOS E SERVICOS LTDA - EPP		8121400	2062
404043000132	REALTUR VIAGENS E TURISMO LTDA - EPP	REAL TUR	7911200	2062
404317000193	BSBSYSTEM ENGENHARIA LTDA	SYSTEM ENGENHARIA	4120400	2062
405298000110	GOIASLIMP SERVICOS GERAIS LTDA	GOIASLIMP	8121400	2062
405600000130	DROGARIA AVENIDA ZURITA LTDA - ME	DROGARIA AVENIDA ZURITA	4771701	2062
405990000148	LAIMER IMOVEIS LTDA - ME		6821802	2062
406508000194	ANTONIO DE CASTILHOS BOSSLE - ME	COMERCIAL BOSSLE DE PRODUTOS DE LIMPEZA	4789005	2135
410467000100	DROGARIA SANTOS E ORLANDO LTDA - ME		4771701	2062
411047000148	DIAGNOR LTDA - EPP	CLINICA DIAGNOR	8640207	2062
414683000123	FLAMAGAS LTDA - EPP	FLAMAGAS	4784900	2062
415374000178	L. C. EMPREENDIMENTOS LTDA	POSTO ATLANTIDA	4731800	2062
415832000179	SANTOS E BARBOSA LTDA - ME	SB DISTRIBUIDORA	4711301	2062
416781000108	DROGANIL LTDA - ME	DROGARIA BRASIL	4771701	2062
416906000191	FRIO BEL REFRIGERACAO LTDA - EPP		4757100	2062
417014000105	INCORDIS INSTITUTO DE CARDIOLOGIA E ANGIOLOGIA LTDA		8630502	2062
417089000196	HOSPITAL PACINI LTDA	HOSPITAL PACINI	8610102	2062
417145000192	DISCOMED COMERCIO DE PRODUTOS HOSPITALARES LTDA		4645101	2062
417199000158	PADARIA IL FORNO LTDA - ME	IL FORNO	1091102	2062
417583000150	MICROBIOTICOS ANALISES LABORATORIAIS LTDA	QUALIDADE BRASIL	8640202	2062
418282000141	BURLANI COMERCIO DE CARNES LTDA		4639701	2062
418525000141	M F C B C LINHARES E CIA LTDA - ME	FLORESCER ESPACO DE PSCOLIGIA E ARTETERAPIA	8650003	2062
418954000119	HEMOLABOR - HEMATOLOGIA E LABORATORIO DE PESQUISAS CLINICAS LTDA	HEMOLABOR	8640212	2062
419103000190	DOURATUBOS ACESSORIOS INDUSTRIAIS LTDA	DOURATUBOS	4744003	2062
420370000188	FARMACIA LEAL LTDA - ME	FARMACIA LEAL	4771701	2062
421701000102	RADIOTEL INSTALACOES MANUTENCAO E COMERCIO LTDA - ME		4752100	2062
421807000106	GRAFICA LIDDER E EDITORA LTDA - ME	GRAFICA LIDDER E EDITORA	5819100	2062
422093000142	CELSO NATERA PEGORARI - ME	FARMACIA SAUDE	4771701	2135
422333000109	CESB - CENTRO DE EDUCACAO SUPERIOR DE BRASILIA LTDA	CESB	8531700	2240
422557000110	IONE TERESINHA SIOCHETTA FALLAVENA - ME	RESTAURANTE FALLAVENA	5611201	2135
423121000146	MARCIA ADRIANA ALVES-CENTENARIO DO SUL - ME	DROGARIA CENTENARIO	4771701	2135
423759000187	NOVA TENCO MAQUINAS E FERRAMENTAS LTDA - EPP		3313999	2062
424275000152	UNIGRAF-UNIDAS GRAFICAS E EDITORA LTDA - ME	DIARIO DA MANHA	5822101	2062
424745000188	TECPON INDUSTRIA E COMERCIO DE PRODUTOS QUIMICOS LTDA		2099199	2062
425786000199	DROGARIA CENTRAL DAS LARANJEIRAS LTDA - ME		4771701	2062
426117000131	GERALDO MAGELA DOS SANTOS EIRELI - EPP	DROGARIA E FARMACIA DE MANIPULACAO SAO BENEDITO	4771702	2305
426209000111	SODALITA INFORMATICA E TELECOMUNICACAO LTDA	SODALITA	4321500	2062
426476000199	FUNDACAO FREI ANTONINO PUGLISI		8720499	3069
427292000143	DROGARIA MARIANO LTDA ME - ME	FARMACIA MARIANO	4771701	2062
427671000133	NEUROGENE LABORATORIO SS LTDA - EPP		8640202	2240
427675000111	JUSTA COMERCIO SERVICOS E PARTICIPACOES S/A		4731800	2054
427688000190	A E D MEDICAMENTOS LTDA - EPP		4771701	2062
427762000179	CRISTO REDENTOR COMERCIO E DISTRIBUICAO LTDA - ME		4744005	2062
428787000197	FARMACIA MOTTAS DE TERESOPOLIS LTDA - ME	FARMACIA MOTTAS	4771701	2062
429640000111	RTA REDE DE TECNOLOGIA AVANCADA LTDA		2710402	2062
431274000720	DIMEX - DISTRIBUICAO , IMPORTACAO E EXPORTACAO DE PRODUTOS EM GERAL LTDA	DIMEX SACOLAO	4693100	2062
431760000153	MDS COMERCIO DE PRODUTOS FARMACEUTICOS LTDA - EPP	COOPERFARMA	4771701	2062
432229000448	ASSOCIACAO DOS EMPREGADOS DA CODEVASF ASSEMCO	ASSEMCO	9420100	3999
432934000100	DROGARIA DA PRACA DE CORDEIRO LTDA - ME	FARMACIA DA PRACA	4771701	2062
433623000158	GRAFICA E EDITORA IDEAL LTDA	GRAFICA E EDITORA IDEAL	1811302	2062
433919000179	CONDOMINIO DO EDIFICIO LAGOA CENTER		8112500	3085
434904000125	HIDROELETRICA ENGENHARIA INDUSTRIA E COMERCIO LTDA		4742300	2062
435781000147	MAP SERVICOS DE SEGURANCA EIRELI		8011101	2305
436648000105	ATTIE DIAGNOSTICOS MEDICOS - EIRELI		8640207	2313
436821000175	SUPERMERCADO NETAO LTDA	SUPERMERCADO NETAO	4711302	2062
437218000108	TCL - TECNOLOGIA E CONSTRUCOES LTDA		4211101	2062
437311000112	PORTENTO CONSTRUCOES LTDA - EPP		7711000	2062
437531000146	HERNANI ANTONIO CONZATTI - ME	AUTOMECANICA CHICO	4520001	2135
439831000164	CARIMBOS MATO GROSSO LTDA - ME		1821100	2062
440144000169	FERNANDO BUBLITZ - EPP		4771701	2135
440239000182	POSTO BOULANGERIE LTDA	POSTO PRAIA	4731800	2062
440328000129	REDE VALE DE COMUNICACAO LTDA	O INFORMATIVO DO VALE	5822101	2062
441200000180	SERGIO MACHADO REIS - EPP		8219999	2135
442071000144	INCIMED LTDA - EPP		4645101	2062
442242000135	GILOPLASTIC IND. E COM. DE BENEFICIAMENTO PLASTICO LTDA - ME		3292202	2062
443313000114	DROGARIA E MANIPULACAO BORGES LTDA - EPP		2121101	2062
443498000167	FARMACIA CENTROFARMA LTDA  - ME	FARMACIA CENTROFARMA	4771701	2062
444593000185	PRIMAGRAF INDUSTRIA GRAFICA E EDITORA LTDA - ME	PRIMAGRAF	1821100	2062
446039000137	PROGRAF PRODUTOS GRAFICOS LTDA - EPP		4647801	2062
446627000170	REAL MIX COMERCIO VAREJISTA LTDA - EPP	REAL MIX	4789099	2062
446997000108	FLORES DO PARANOA LTDA - ME		4789002	2062
447821000170	DROGARIA ROSARIO S/A	DROGARIA ROSARIO	4771701	2054
447822000115	ROBERTA JOAO E CIA LTDA - ME		4771701	2062
448722000103	FRAGA E FRAGA LTDA - EPP	DROGARIA XINGUARA	4771701	2062
448987000101	GMG COMERCIO DE MEDICAMENTOS LTDA  - ME	FARMACIA DO TRABALHADOR DO VALE	4771701	2062
449824000143	SOFTEXPERT SOFTWARE S.A.	SOFTEXPERT	6201501	2054
450006000160	PHARMATOTTI LTDA - ME		4771701	2062
450299000186	SALOMAO E STAUT DROGARIA LTDA	CENTRALFARMA	4771701	2062
450321000198	JOSE EDUARDO DE OLIVEIRA LOUZADA E CIA LTDA - ME	NOVAFARMA DE PARAGUACU	4771702	2062
450750000165	FORTUR TRANSPORTES E TURISMO LTDA - ME	FORTUR TRANSPORTES E TURISMO	7911200	2062
451408000180	M DA SILVA OLIVEIRA - ME	COMERCIAL AMAZONAS	4784900	2135
451691000140	P. V. BIAGGI E CIA. LTDA - ME	FARMACIA SAO JOSE	4771701	2062
452667000125	TANIO ELIEZER ALVES - ME	SACOLAO ECONOMICO	4724500	2135
453515000147	FARMACIA GINAP LTDA - EPP	FARMACIA SAO JOSE	4771702	2062
453815000126	SERVIN COMERCIO EIRELI - ME	BLANK.COM	4647801	2305
453913000163	TRANSPORTES JUCAR LTDA - EPP	TRANSJUCAR	4924800	2062
454202000103	FARMACIA E PERFUMARIA ALBERTINE LTDA - ME		4771701	2062
455918000125	COMERCIAL FARMACEUTICA ESTEVAM LTDA - ME		4771701	2062
457232000173	ADORILDO PACHECO CATALANO - ME	DROGA LIDER	4771703	2135
457318000104	CLINICA DE RADIOLOGIA S/S	RADIOCLINICA	8610101	2232
457701000820	COMERCIAL DE VEICULOS GUIMARAES LTDA	CVG	4511101	2062
458425000149	DROGARIA CAPELA DO ALTO LTDA. - ME	FARMAX DROGARIA	4771701	2062
460107000112	ZOIH ENGENHARIA LTDA - EPP	ZOIH ENGENHARIA	4120400	2062
460408000146	SERVICO AUTONOMO DE AGUA E ESGOTO DE CAMBUI	SAAE CAMBUI	3600601	1120
460986000697	MAKRO CENTRAL DE AVIAMENTOS LTDA		4642701	2062
461255000151	HARD SOLUTION INFORMATICA LTDA - EPP		4751201	2062
461615000115	ANA ISABEL BOZZOLA SILVA - EPP	FARMACIA ERVA DOCE E CAPIM LIMAO	4771702	2135
462284000138	AUTO POSTO CARRETEIRO LTDA	POSTO CARRETEIRO	4731800	2062
462961000118	FARMACIA PRUDENTE DE MORAES EIRELI  - ME		4771701	2305
463731000173	ACQUARELLA DISTRIBUIDORA DE AGUA MINERAL LTDA - ME		4723700	2062
464044000172	P E R COMBUSTIVEIS LTDA	POSTO TREVO	4731800	2062
464614000124	CENTRAL COMERCIAL DE MEDICAMENTOS LTDA - ME	DROGARIA PORTO SEGURO CENTRAL	4771701	2062
464720000108	E. C. SISTEMAS DE INFORMATICA LTDA - EPP	ECOCENTAURO SISTEMAS INTELIGENTES	6203100	2062
465064000168	NOSSA FARMACIA LTDA - ME	NOSSA FARMACIA	4771701	2062
465113000162	SUPER POSTO TRANSBRASIL LTDA	POSTO TRANSBRASIL	4731800	2062
465114000107	FIMATEC COMERCIO E REPRESENTACOES LTDA		3314708	2062
465156000148	RONDOFORMS INDUSTRIA GRAFICA EIRELI - EPP	RONDOFORMS	1813099	2305
465800000188	WILSON TENFEN E CIA LTDA - ME		4771701	2062
465802000177	FARMACIA LEVIFAR LTDA - EPP		4771701	2062
466084000153	SUPRIMAX COMERCIAL LTDA - EPP		4789007	2062
466223000149	ORIGEM FARMA LTDA - EPP	ORIGEM FARMA	4771702	2062
467444000131	HOSPITAL OFTALMOLOGICO DE ANAPOLIS LTDA - EPP	HOA	8610101	2062
468893000102	NEWAIR REFRIGERACAO LTDA		4322302	2062
469171000326	HOTEL PHENICIA LTDA	GRAND BITTAR HOTEL	5510801	2062
469393000187	VALMAR SERVICOS INDUSTRIAIS LTDA	VALMAR	7112000	2062
471085000196	J. J. M. CONSTRUCOES E TRANSPORTES LTDA - ME	J J M CONSTRUCOES E TRANSPORTES	4763605	2062
471823000103	HIMALAIA REFRIGERACAO E CONSERVACAO LTDA - EPP	HIMALAIA	4322302	2062
473804000108	PETROLEO SAO LOURENCO LTDA		4731800	2062
473996000152	MIRANDA FISIOTERAPIA LTDA  - ME	FISIOTERAPIA SAO CAMILO	8650004	2062
474261000143	A.C.C.  DE SIQUEIRA  - ME	MANA	4789099	2135
474613000160	ADRIANA TOLARDO ZORDAN - EPP	FARMACIA SALLUS	4771701	2135
474973000162	ESCRITORIO CENTRAL DE ARRECADACAO E DISTRIBUICAO ECAD		9412099	3999
475314000140	AUTO POSTO ALIANCA LTDA - EPP	AUTO POSTO ALIANCA	4731800	2062
475638000189	LISBOA E BELONI LTDA - ME	NADIA FESTAS	9609299	2062
475855000179	DEPARTAMENTO DE TRANSITO DO DISTRITO FEDERAL	DETRAN DF	8424800	1112
476308000108	M P A VALENTE SERVICE ME  - ME	MASTER PRINT	4789007	2135
477061000144	FARMACIAS FARMAPAULO LTDA	FARMACIAS SAO PAULO	4771701	2062
477682000128	DROGARIA GALLINA LTDA - ME		4771701	2062
478727000189	AGROSERVICE EMPREITEIRA AGRICOLA LTDA		8211300	2062
478911000129	DIGIPLUS TECNOLOGIA EIRELI - EPP	DIGIPLUS	4751201	2305
478928000186	JANUARIO COMERCIO E REPRESENTACOES LTDA		4789099	2062
479418000123	A N ROTA - EPP	VETSUL	4644302	2135
479987000179	RODOANGELO COMERCIAL LTDA		4731800	2062
480194000170	ASCON ASSESSORIA CONSULTORIA E CONTABILIDADE LTDA - ME		6920601	2062
480538000140	BRANCO E GHIRALDI LTDA - ME	DROGARIA SAO BENEDITO	4771703	2062
480948000191	FARMACIA TROPICAL LTDA - ME		4771701	2062
481679000188	HIGH-TECH INFORMATICA INDUSTRIA E COMERCIO EIRELI	HIGHTECH INFORMATICA	2622100	2305
481841000168	EDITORA NOTICIAS DO DIA LTDA	NOTICIAS DO DIA	5812301	2062
482711000140	Q-MED PRODUTOS CIENTIFICOS LTDA - EPP		4789099	2062
482840000138	LIDERANCA LIMPEZA E CONSERVACAO LTDA	LIDERANCA SERVICOS	8121400	2062
482998000108	COPY HOUSE - SERVICOS REPROGRAFICOS EIRELI - EPP	COPYHOUSE	8219901	2305
483737000102	A A ROHLEDER COMERCIO DE ALIMENTOS LTDA	MERCADO E AGROPECUARIA TCHE	4930202	2062
485479000101	TITENIS E VIGO LTDA - ME	FARMACIA REAL	4771701	2062
485788000173	FARMACIA POZZOBON LTDA - EPP	FARMACIA POZZOBON	4771702	2062
487239000138	A CARLOS ROSA - ME	DROGARIA SAO JOAO	4771701	2135
487811000169	FARMACIA BRACONORTENSE LTDA - ME		4771701	2062
487964000106	LIDER DEDETIZADORA LTDA - ME	LIDER DEDETIZADORA	8122200	2062
488292000153	COMERCIAL CAMARGO IMPORTACAO E EXPORTACAO LTDA - ME		4751201	2062
489015000165	CONSERP MANUTENCAO DE ELEVADORES LTDA - EPP	CONSERP MANUTENCAO DE ELEVADORES	4329103	2062
489661000122	AUDIOVISAO ELETROACUSTICA LTDA - EPP	AUDIOVISAO	4753900	2062
489828000236	MINISTERIO DO PLANEJAMENTO, ORCAMENTO E GESTAO - MP	COORDENACAO GERAL DE RECURSOS HUMANOS - CRH	6911701	1015
490817000195	17. REGISTRO CIVIL BELA VISTA	17. REGISTRO CIVIL BELA VISTA	6912500	3034
490820000109	SOMESSO SOC MEDICA DE SEGURANCA E SAUDE OCUPACIONAL S C - EPP	SOMESSO	7119704	2240
492367000170	DROGARIA SOUZA ASSIS LTDA - ME	DROGARIA ESPLANADA	4771701	2062
492578000102	VILA DA BARRA COMERCIO E REPRESENTACOES E SERVICOS DE DEDETIZACAO LTDA - EPP	VILA DA BARRA SERVICOS	8122200	2062
493527000103	FARMACIA NOVATO EIRELI  - ME	FARMACIA PRECO POPULAR	4771701	2305
494018000197	MARCIO EVANDRO DE BEM - ME	DROGARIA SANTA CLARA	4771701	2135
494231000107	FINAMOR DE MORAES E CIA LTDA - ME	DROGARIA SANTA EDWIRGES	4771701	2062
494603000197	DROGARIA DELTA LTDA - EPP		4771701	2062
495124000195	MR COMPUTER INFORMATICA LTDA		4751201	2062
495983000184	KELSIMAR LEAL DUARTE DE ARAUJO - EPP	LUARTE PAPELARIA	4761003	2135
496066000114	DROGARIA ANTOLOZER LTDA - EPP		4771701	2062
496527000159	AUTO POSTO SANTOUR LTDA	SANTOUR	4731800	2062
496655000100	ARA LAVANDERIA AUTOMATICA LTDA - ME		9601701	2062
496825000149	M. R. DE ABREU DROGARIA LTDA - EPP	FARMAECIA	4771701	2062
497421000170	GILBERTO DA SILVA LIMA - ME	GILBERTO SERRALHARIA E COMERCIO	4744001	2135
499241000127	DROGARIA SAO JOSE DA BARRA LTDA - ME	DROGARIA SAO JOSE DA BARRA	4771701	2062
499719000119	DOMINGOS R. DOS SANTOS E CIA. LTDA - ME	FARMACIA BOM JESUS	4771701	2062
501041000161	CONSTRUTORA JRN LTDA		4120400	2062
502324000128	JUSCELINO OSSAMU FUJISAWA - EPP	FARMACIA FUJI FARMA	4771701	2135
503418000111	ELETRICA FALCAO LTDA	ELETRICA FALCAO	4742300	2062
503644000100	BRASFERMA LTDA - ME		4530703	2062
503775000180	PIONEER EMPREENDIMENTOS COMERCIAIS LTDA		6462000	2062
504970000396	AUTO POSTO VANUIRE LTDA		4731800	2062
504970000477	AUTO POSTO VANUIRE LTDA		4731800	2062
506497000114	EDITORA GAZETA DO NORTE LTDA		5812301	2062
507061000140	HANASHIRO MAQUINAS AGRICOLAS LTDA - EPP	CASA HANASHIRO	4789099	2062
508460000125	VICEL COMERCIO INDUSTRIA E SERVICOS LTDA	VICEL SERVICOS	910600	2062
508572000186	CLINICA RADIOLOGICA VILA RICA LTDA	CLINICA VILA RICA	8610101	2062
508610000109	DROGARIA FONTE DA SAUDE LTDA - ME		4771701	2062
508903000854	JUSTICA FEDERAL DE PRIMEIRA INSTANCIA	SECAO JUDICIARIA NO ACRE	6911701	1163
510149000110	CLINICA INTEGRADA DE ORTOPEDIA E RADIOLOGIA S/S LTDA - EPP	CLINOR	8630502	2240
510292000102	AUTO POSTO AVENIDA DE LEOPOLDINA LTDA - EPP		4731800	2062
511285000125	HIDROSANE ENGENHARIA LTDA.  - ME	HIDROSANE	7112000	2062
511816000180	HOSPITAL PRONTONORTE S/A	PRONTONORTE	8610102	2054
511961000160	GUZZI GAS DISTRIBUIDORA LTDA - EPP	GUZZIGAS	4930203	2062
512777000135	PASSAREDO TRANSPORTES AEREOS S.A	PASSAREDO LINHAS AEREAS	5111100	2054
512898000187	HOSPITRADE DISTRIBUIDORA DE EQUIP HOSPITALAR LTDA - EPP	HOSPITRADE	4645101	2062
512930000124	EDITORA JORNALISTICA JARROS LTDA - EPP	JORNAL CIDADES	5822101	2062
512932000113	LABORSYS SISTEMAS DIAGNOSTICOS COMERCIO LTDA	LABORSYS	4645101	2062
512940000160	ATENDLAB DISTRIBUIDORA DE PRODUTOS PARA LABORATORIOS EIRELI  - ME		4645101	2305
513029000177	LAURINDO DOS SANTOS FABRICIO - ME	DROGARIA FABRICIO	4771701	2135
514128000173	RAIMUNDO CLAUDIO MAIA - ME	ELETRO MAR	4742300	2135
515929000153	CENTRAL DAS CHAVES LTDA - ME		9529102	2062
517056000118	VALDECI FERREIRA DA GUIA - ME	DROGA NOVA	4771701	2135
517281000154	MACOVAN INDUSTRIA E COMERCIO DE ARTEFATOS DE CIMENTO LTDA - EPP		2330301	2062
517645000104	BANCO RIBEIRAO PRETO S/A		6422100	2054
519142000160	DUCORDIS ASSISTENCIA MEDICA SC LTDA - EPP		8650099	2240
519286000116	ART E ARTE COM DE ARTIGOS PARA PINT ARTISTICAS LTDA - ME	MONA LISA	4789001	2062
519592000152	COMERCIAL DE VIDROS NUNES LTDA - ME	DISK VIDROS	4743100	2062
519840000165	E F DO N PESSOA - ME	DROGARIA PAGUE MENOS	4771701	2135
520237000101	CETTRO - CENTRO DE TRATAMENTO ONCOLOGICO LTDA	CETTRO - CENTRO DE CANCER DE BRASILIA	8610101	2062
520304000180	TYPE MAQUINAS E SERVICOS LTDA	TYES SOLUTION	7733100	2062
521113000132	SALVER CONSTRUTORA E INCORPORADORA LTDA	SALVER CONSTRUTORA E INCORPORADORA	4120400	2062
521294000105	COOPERATIVA DOS CONDUTORES AUTONOMOS DE BRASILIA LTDA	COOBRAS	4923001	2143
521628000132	ELETRONICA SANTA EFIGENIA LTDA - EPP		4757100	2062
522351000162	TECHNILAB COMERCIO E SERVICOS LTDA - ME		4789099	2062
523053000197	HOSPITAL MEMORIAL PETROLINA LTDA		8610101	2062
523383000182	ZILAH MOR SCARPARO E CIA LTDA - EPP	DROGARIA VIDA	4771701	2062
523726000109	LINTER FILTROS INDUSTRIAIS LTDA		2823200	2062
524143000100	NILTON APARECIDO MARIQUITO E CIA LTDA  - ME	FARMACIA MARCELINE	4771701	2062
525177000101	FARMACIA PARANA DE CIANORTE LTDA - ME	FARMACIA PARANA	4771701	2062
525870000184	SOLLO ENGENHARIA E INSTALACOES LTDA - EPP	SOLLO	4322302	2062
526454000109	CELSO PICININ SAO CARLOS - ME		4744005	2135
527109000181	DROGARIA COLONIAL LTDA - EPP		4771701	2062
527180000164	AUTO TORK MECANICA AUTOMOTIVA LTDA - ME	AUTO TORK	4530703	2062
527371000126	TOP CONSULT COMERCIO E ASSESSORIA EM EQUIPAMENTOS MEDICOS E ODONTOLOGICOS LTDA		4664800	2062
529443000336	OBRAS SOCIAIS DA DIOCESE DE RIO BRANCO	HOSPITAL SANTA JULIANA	8610101	3999
529958000174	FIPECQ-FUNDACAO DE PREVIDENCIA COMPLEMENTAR DOS EMPREGADOS OU SERVIDORES DA FINEP,DO IPEA,DO CNPQ,DO INPE E DO INPA	FIPECQ	6541300	3069
530079000162	DROGARIA RODRIMAR LTDA - ME		4771701	2062
531083000145	CEMEAR COMERCIO E REPRESENTACAO LTDA		4744005	2062
531358000140	HOSPITAL DE OLHOS - CIOMS CENTRO INTEGRADO DE OFTAMOLOGIA DO MS LTDA	CIOMS-CENTRO INTEGRADO DE OFTALMOLOGIA DE MS	8610101	2062
531367000131	SILVIA CANDIDA DE OLIVEIRA DE SOUZA E CIA LTDA - EPP	FARMAVIDA	4771701	2062
531859000127	MALUMA COMERCIO, IMPORTACAO E EXPORTACAO DE PRODUTOS ALIMENTICIOS LTDA - ME		4645101	2062
531895000514	ASSOCIACAO PAPA JOAO XXIII NO BRASIL	CASA A RESSURREICAO	8730199	3999
533018000159	SARKIS E SARKIS LTDA	CONSTRUCENTER CECIN SARKIS	4742300	2062
534358000102	COSMETRADE COMERCIAL LTDA - EPP		4646001	2062
534988000179	L. C. DA SILVA E CIA LTDA	TAPUIO MATERIAIS DE CONSTRUCOES	4744005	2062
535213000118	SOUZA E ALTOE LTDA - ME		4771701	2062
535328000102	A CASA DOS CAPACHOS LTDA - EPP		4759801	2062
535560000140	LPK LTDA - ME		4649499	2062
536772000142	ECOLAB QUIMICA LTDA		2061400	2062
536772001386	ECOLAB QUIMICA LTDA		8122200	2062
537250000165	CLINICA MULHER LTDA	CLINICA MULHER	8630503	2062
537279000147	MICHEL ROGRIGUES DE AZAMBUJA - EPP	LABORATORIO SAO LUCAS	8640202	2135
538079000109	L.D.M. EQUIPAMENTOS LTDA - EPP	L.D.M.	4664800	2062
538436000139	IDEAL DISTRIBUIDORA LTDA - EPP		4649401	2062
539796000155	MERCADO TAXA LTDA - EPP		4711302	2062
539861000142	MADEIREIRA RIO DOCE COMERCIO E INDUSTRIA LTDA - ME	MADEIREIRA RIO DOCE	4744002	2062
539955000111	PAPELARIA E INFORMATICA CENTRUS LTDA - EPP		4761003	2062
541076000124	FELDMANN COMERCIO DE PAPEIS LTDA - EPP	FECOPEL	4761003	2062
541104000103	VIVAFARMA DROGARIA LTDA - EPP		4771701	2062
541269000185	COLOMBO GUIZO, CENTRO AUTOMOTIVO EIRELI - ME	AUTO MECANICA COLOMBO	4530703	2305
541891000193	FUNDACAO HOSPITALAR DE COSTA RICA	FUNDACAO HOSPITALAR	8610101	3069
543061000103	UEDAMA COMERCIO DE PRODUTOS ALIMENTICIOS LTDA - EPP		4712100	2062
543213000402	DISBRAVE COMBUSTIVEIS LTDA	POSTO DISBRAVE GUARA	4731800	2062
543484000115	V.V.T. COMERCIO DE MEDICAMENTOS E PERFUMARIAS LTDA  - ME	FARMACIA MAIS POPULAR	4771701	2062
543858000100	CENTRO EDUCACIONAL MARIA MILZA LTDA - ME	CENTRO EDUCACIONAL MARIA MILZA	8513900	2062
544016000165	GILMAR SILVESTRE PORTELLA - ME	FARMACIA PORTELLA	4771701	2135
544298000109	ART SERVICE EMPREENDIMENTOS E SERVICOS EIRELI		8211300	2305
544598000180	DROGARIA ALVIM E ALVIM LTDA - ME	DROGARIA MILTON	4771701	2062
544659000109	BB-PREVIDENCIA FUNDO DE PENSAO BANCO DO BRASIL	BB-PREVIDENCIA	6541300	3999
545482000165	NETWORLD PROVEDOR E SERVICOS DE INTERNET LTDA - EPP	NWI INTERNET TELECOM	6110803	2062
547373000187	TRANSPORTES D'AVILA LTDA - EPP	D'AVILA TURISMO	4929902	2062
547840000179	MAXNET INFORMATICA LTDA - ME	MAXNET	4751201	2062
547859000115	HUGOS FARMA LTDA - ME	HUGOS FARMACIA III	4771701	2062
547889000121	KOCK E BORGES LTDA - EPP	PIX FARMA	4771701	2062
548387000115	MARINITA EICHELBERGER SILBERSCHLAG - EPP	FARMACIA DO AGRICULTOR	4771701	2135
548431000197	RADIN II LTDA		4731800	2062
548444000166	AUTO POSTO BRITTO'S LTDA		4731800	2062
550399000184	ALECIO ANTONIO DA SILVA E CIA LTDA - ME	FARMACIA BELA VISTA	4771701	2062
550527000513	VIVIANI VEICULOS RIO CLARO LTDA	VIVIANI VEICULOS RIO CLARO LTDA	4511101	2062
551745000149	CH TRANSPORTES EIRELI - EPP		4930201	2305
553197000196	CAMPOS E COSTA LTDA - ME	DROGARIA SAO LUCAS	4771701	2062
554735000167	DESENTUPIDORA J COSTA LTDA E P P		3702900	2240
555901000140	BRAZ MOREIRA DROGARIA E PERFUMARIA LTDA - EPP		4771701	2062
556225000129	PROROUPAS CONFECCOES LTDA - EPP	PROROUPAS CONFECCOES	1413401	2062
557260000162	DEL REI PARAFUSOS LTDA - ME	DEL REI PARAFUSOS	4744001	2062
557262000151	JUNIA CRISTINA RESENDE MACHADO MATSUSE - ME	DROGARIA SANTO ANTONIO	4771701	2135
557319000112	INDUSTRIA E COMERCIO DE FILTROS PURIFICADORES JOJACO LTDA - ME	FILTRO JOJACO	2759799	2062
558452000193	JURIMOBI ASSESSORIA JURIDICA E IMOBILIARIA LTDA	JURIMOBI IMOVEIS	6810202	2062
558963000105	DROGARIA SAO JOSE LTDA - ME	DROGARIA SAO JOSE	4771701	2062
560882000140	POSTO DE ABASTECIMENTO E SERVICOS NOTA 10 LTDA	POSTO NOTA 10	4731800	2062
561432000171	COOPERATIVA DOS MEDICOS ANESTESIOLOGISTAS DO ESTADO DE MATO GROSSO - COOPANEST-MT	COOPANEST-MT	8650099	2143
562049000138	NOELI PATULSKI - EIRELI		4741500	2305
562195000163	NCD COMERCIAL E SERVICOS LTDA - ME		4649405	2062
563482000198	BUBLITZ, BUBLITZ E HANSEL LTDA - EPP	FARMACIA BUBLITZ	4771702	2062
564834000120	DROGARIA SAO LUCAS EIRELI - ME	DROGARIA SAO LUCAS	4771701	2305
565813000129	ANHANGUERA COMERCIO DE FERRAMENTAS LTDA	ANHANGUERA FERRAMENTAS	4672900	2062
566472000106	EDASA ATACADO LTDA - EPP		4712100	2062
566681000150	DROGALIDICE PERFUMARIA E MEDICAMENTOS LTDA - ME		4771701	2062
567176000120	DROGARIA ULTRAPOPULAR PARAISO LTDA - ME		4771701	2062
567892000107	VISOMES COMERCIAL METROLOGICA LTDA - EPP	VISOMES	7120100	2062
568070000140	ELETRO CHAVES IDEAL DE ITAJUBA LTDA - ME		9521500	2062
568160000131	MARIA JOSE DA SILVA FARDAMENTOS - ME	ARTESANATO DAS BANDEIRAS	1359600	2135
568263000100	SUPPORT JORNALISMO ASSESSORIA PROPAGANDA E ATELIE GRAFICO EIRELI - EPP	SUPPORT COMUNICACAO	7311400	2305
568594000131	PONTUAL AUTO LOCADORA LTDA	PONTUAL AUTO LOCADORA	7711000	2062
570553000180	ELETRICA BAHIANA COMERCIO E IMPORTACAO DE MAT ELET LTDA	ELETRICA BAHIANA	4673700	2062
571055000151	NELSON DE SOUZA ROMEIRO - ME	TELEFORTE	4752100	2135
571260000117	CLAUDIA MIGUEL DE SOUZA - EPP	NAJU FARMA	4771702	2135
571664000100	DROGARIA MAGALHAES ARAUJO LTDA - ME	DROGARIA SANTA CLARA	4771701	2062
572138000165	CEZAR RENATO OLIVEIRA DA CONCEICAO - ME		4744001	2135
572439000199	FARMACIA PONTE DO IMARUIM LTDA - ME	FARMACIA PONTE DO IMARUIM	4771701	2062
572574000134	COMERCIO DE PNEUS E ACESSORIOS L M LTDA - EPP	PNEU CAR	4930202	2062
573122000177	LIVRARIA NOVA OPCAO LTDA - EPP	LIVRARIA NOVA OPCAO	4761003	2062
574882000107	E.T.M - ESCOLA TECNICA MOGIANA S/S LTDA - EPP		8541400	2240
576658000146	ATACADAO DA LIMPEZA COMERCIO LTDA - EPP	ATACADAO DA LIMPEZA	4649408	2062
577065000366	ABASTECEDORA FAGUNDES LTDA		4731800	2062
577777000113	COOPERATIVA DOS MEDICOS ANESTESIOLOGISTAS DO TOCANTINS	COOPANEST-TO	9412099	2143
578617000199	PROCLIMA ENGENHARIA LTDA	PROCLIMA	4322302	2062
579339000194	ADHERBAL ALVES FERREIRA E CIA LTDA - EPP	ART PAPELARIA	4761003	2062
579670000104	NIDELAR ADMINISTRACAO E NEGOCIOS IMOBILIARIOS LTDA - ME		6810202	2062
579750000160	RENATO R BATISTA - EPP	FUNERARIA SANTA RITA	9603304	2135
580630000182	ROCHA CALDERON E ADVOGADOS ASSOCIADOS	ROCHA E CALDERON	6911701	2232
580641000162	CONSTRUTORA GONTIJO E POEYS LTDA - EPP		4110700	2062
581001000177	M S FERNANDES COMERCIO DE MATERIAIS DE CONSTRUCAO LTDA - EPP	ELETROJUNIOR	4744099	2062
581295000137	ITS MATERIAL CIRURGICO EIRELI - EPP		3250701	2305
581615000159	PARAMAZONIA TAXI AEREO LTDA		5112999	2062
582625000109	DROGARIA BUENO LTDA - EPP		4771701	2062
583890000101	FAMAP NUTRICAO PARENTERAL LTDA		4644301	2062
583936000192	TRANSTAXI TURISMO LTDA		4929902	2062
583948000117	ETIBRAS BJK INDUSTRIA DE ETIQUETAS E SUPRIMENTOS LTDA  - ME	ETIBRAS BJK	4761003	2062
584465000137	F CLEITON DE QUEIROZ BATISTA - ME	BIG SAUDE	4771701	2135
584755000180	VIA ENGENHARIA S. A.		4120400	2054
584923000138	MARILDA SUELI RIBEIRO QUAGLIO DROGARIA - ME	DROGARIA NOVA SAUDE	4771701	2135
585239000170	POSTO DA PRACA COMERCIO DE DERIVADOS DE PRTROLEO LTDA - ME	POSTO DA PRACA	4731800	2062
585900000148	ODEBRECHT AMBIENTAL - LIMEIRA S.A.		3600601	2054
586445000103	B. E. NOLDIN E CIA LTDA - ME	FARMACIA REALEZA	4771701	2062
586753000120	THS INDUSTRIA E COMERCIO LTDA - EPP		2790299	2062
587072000187	DIGITA COMPUTACAO GRAFICA LTDA - ME		1813001	2240
587851000182	TRON INFORMATICA BRASILIA LTDA - EPP	TRON INFORMATICA	6209100	2062
588541000182	IPANEMA EMPRESA DE SERVICOS GERAIS E TRANSPORTES LTDA		8121400	2062
588541000263	IPANEMA EMPRESA DE SERVICOS GERAIS E TRANSPORTES LTDA		8121400	2062
588541000425	IPANEMA EMPRESA DE SERVICOS GERAIS E TRANSPORTES LTDA	IPANEMA	8121400	2062
589060000191	CICERO FIAIS PEREIRA E CIA LTDA - ME		4771701	2062
589066000754	COMERCIAL ELETRICA SAO PEDRO LTDA	CELESP	4742300	2062
589155000105	GOIS E GOMES LTDA - ME	COPROFER	2542000	2062
590065000215	NEYJHON COMERCIO DE DERIVADOS DE PETROLEO LTDA - ME	AUTO POSTO NOSSA SENHORA DE FATIMA II	4731800	2062
590299000181	PNB - CONSTRUCOES E EMPREENDIMENTOS IMOBILIARIOS LTDA	PNB EMPREENDIMENTOS IMOBILIARIOS	4120400	2062
590445000179	NUROITE NUCLEO DE INFORMACAO TEC E ELETRONICA LTDA - ME	NR ELETRONICA - MARES	9521500	2062
590509000131	SAO JOSE MEDICAMENTOS LTDA - ME		4771701	2062
590976000161	AGENCIA BG PRESS FOTOJORNALISMO EIRELI - ME	EBFOTO STORE	4789008	2305
591125000133	SIMONI NABHAN REGAZZO  - ME		4771701	2135
591651000101	CENTRAL IMPLEMENTOS AGRICOLAS LTDA - EPP	CIAL CENTRAL IMPLEMENTOS AGRICOLAS	4789099	2062
592881000187	CINE FOTO JM LTDA - EPP	CINE FOTO JM	4789008	2062
594029000149	RETROART COMERCIO E DISTRIBUICAO DE MATERIAIS LTDA - ME		4647801	2062
594198000189	NIB HIGIENE E LIMPEZA LTDA - ME		4759899	2062
595058000125	POSTO 212 SUL LTDA		4731800	2062
596529000110	GENETICA COMERCIO, IMPORTACAO E EXPORTACAO EIRELI	GENETICA	4773300	2305
596543000113	CARDIO CENTER CLINICA CARDIOLOGICA LTDA - EPP	CARDIO CENTER	8610101	2062
597134000131	FUNDACAO DE DESENV ASSIST TEC E EXTENSAO RURAL DE GOIAS	FUNDATER	9430800	3069
597244000101	FRANCO RODRIGUES E CIA LTDA	AUTO POSTO VALE DA SERRA	4731800	2062
597306000177	COMERCIO DE INSTRUMENTOS CIENTIFICOS ADRYANE LTDA - EPP		4789099	2062
598608000160	REGAZZO E PAVEZI LTDA - ME	DROGARIA SANTO ANTONIO	4771701	2062
598908000149	APAGUE EQUIPAMENTOS DE COMBATE A INCENDIO LTDA - ME		4789099	2062
599741000130	COOPECARDIO - COOPERATIVA DE TRABALHO DOS MEDICOS CARDIOLOGISTAS DE PENAMBUCO		8650099	2143
599744000174	FUNDACAO EDUCATIVA E CULTURAL PEDRO TRES		9493600	3999
599932000100	CASA DO MEDICO COMERCIO E REPRESENTACOES LTDA - ME		4645101	2062
601801000293	DIVEMAQ AGRICOLA LTDA	DIVELL CAMINHOES E ONIBUS	4661300	2062
601985000100	WALDEMAR PONTES TALARICO SAO SEBASTIAO - ME	ACQUA PURA BEBIDAS	4723700	2135
602032000167	CONDOMINIO DO ED. MINISTRO TAVARES DE LYRA		8112500	3085
602864000183	M. A. SILVA - EQUIPAMENTOS HOSPITALARES	VIVAMAR HOSPITALAR	4644301	2135
603734000165	DROGARIA E PERFUMARIA MURARO LTDA - EPP		4771701	2062
604122000197	TRIVALE ADMINISTRACAO LTDA		8299799	2062
604169000150	DROGARIA SAO LUCAS DE ANGATUBA LTDA - ME	DROGARIA SAO LUCAS	4771701	2062
605383000121	PEDRO DE FRANCA E CIA. LTDA - ME	FARMACIA DROGAMINAS	4771701	2062
606194000173	KOZCOE ENGENHARIA LTDA	KOZCOE ENGENHARIA	4120400	2062
606688000158	REVENDEDORA ELO LTDA	POSTO TEXACO	4731800	2062
607367000178	DROGARIA RUBIFARMA LTDA - ME	FARMO CASTRU'S	4771701	2062
609334000167	IMPACTO AUDITORIA EM SAUDE S/A	IMPACTO AUDITORIA EM SAUDE	7490199	2054
609698000147	DROGARIA SAO CAETANO LTDA - ME		4771701	2062
610862000136	CHIESA E FILHO LTDA		4731800	2062
610980000144	HOSPITAL SANTA MARTA LTDA		8610101	2062
611689000190	INSTITUTO DE MEDICINA INTERNA E MATERNO INFANTIL S/C LTDA - EPP	IMIMI	8610101	2240
612684000182	TRANS-SUL EMPRESA DE TRANSPORTES DE CARGAS LTDA - EPP	TRANS-SUL TRANSPORTES	4930202	2062
612686000171	ILHATEC COMERCIO DE EQUIPAMENTOS MEDICO-HOSPITALARES LTDA - EPP	ILHATEC PRODUTOS E SERVICOS	4664800	2062
613142000124	BAZANI E CIA.LTDA - ME		4771701	2062
